{"stats":{"minecraft:mined":{"minecraft:grass":1,"minecraft:spruce_leaves":1,"minecraft:spruce_log":4,"minecraft:fern":1},"minecraft:custom":{"minecraft:jump":21,"minecraft:time_since_rest":1147,"minecraft:damage_dealt":10,"minecraft:leave_game":1,"minecraft:sprint_one_cm":1440,"minecraft:play_time":1147,"minecraft:time_since_death":1147,"minecraft:walk_one_cm":1532,"minecraft:total_world_time":1147,"minecraft:fall_one_cm":627,"minecraft:fly_one_cm":5122},"minecraft:picked_up":{"minecraft:spruce_log":4,"minecraft:wheat_seeds":2}},"DataVersion":3465}