{"stats":{"minecraft:dropped":{"minecraft:bread":6,"minecraft:wheat_seeds":116,"ecologics:coconut_slice":2,"minecraft:gold_nugget":3,"minecraft:dandelion":5,"minecraft:stone_axe":1,"minecraft:stone_sword":2,"minecraft:rotten_flesh":3,"minecraft:poppy":2,"minecraft:oak_sapling":6,"minecraft:iron_bars":1,"minecraft:arrow":1},"minecraft:killed_by":{"born_in_chaos_v1:glutton_fish":1},"minecraft:used":{"minecraft:iron_bars":1,"minecraft:stone_sword":54,"minecraft:armor_stand":4,"minecraft:stone_shovel":216,"minecraft:poppy":5,"minecraft:dirt":105,"luminousworld:grassflowers":2,"minecraft:azure_bluet":1,"minecraft:lantern":2,"minecraft:iron_axe":256,"supplementaries:timber_brace":1,"minecraft:oak_sapling":1,"luminousworld:auburn_door":2,"minecraft:wheat_seeds":91,"minecraft:water_bucket":24,"minecraft:leather_leggings":1,"minecraft:birch_planks":117,"minecraft:stone_pickaxe":16,"minecraft:oak_planks":232,"minecraft:leather_chestplate":1,"minecraft:wooden_pickaxe":15,"luminousworld:groundpebbles_1":1,"minecraft:leather_boots":1,"minecraft:crafting_table":2,"minecraft:white_bed":2,"minecraft:oak_log":6,"minecraft:cornflower":1,"minecraft:apple":1,"minecraft:oxeye_daisy":3,"minecraft:bread":20,"minecraft:leather_helmet":1,"minecraft:stone_axe":253,"minecraft:bucket":25,"minecraft:birch_log":1,"quark:oak_chest":2,"alexsmobs:animal_dictionary":1,"minecraft:dandelion":9},"minecraft:mined":{"luminousworld:white_petunias":1,"minecraft:white_bed":2,"luminousworld:grassvariant_4":7,"luminousworld:autumnleaves":1,"minecraft:grass_block":212,"luminousworld:grassvariant_2":8,"minecraft:oxeye_daisy":1,"minecraft:hay_block":13,"supplementaries:timber_brace":1,"minecraft:iron_bars":1,"luminousworld:groundpebbles_2":1,"ecologics:walnut_log":5,"minecraft:stone":26,"minecraft:iron_block":1,"minecraft:dandelion":1,"minecraft:crafting_table":1,"minecraft:cornflower":1,"minecraft:poppy":1,"luminousworld:auburnlog":14,"minecraft:tall_grass":2,"minecraft:oak_planks":83,"luminousworld:whiteoaklog":13,"minecraft:birch_planks":1,"minecraft:birch_log":179,"minecraft:wheat":92,"minecraft:birch_leaves":4,"minecraft:grass":28,"minecraft:oak_log":191,"minecraft:dirt":7,"luminousworld:grassvariant_3":5,"minecraft:oak_leaves":5},"minecraft:broken":{"minecraft:iron_axe":1,"minecraft:stone_axe":1,"minecraft:stone_shovel":1},"minecraft:custom":{"minecraft:interact_with_smithing_table":1,"minecraft:mob_kills":12,"minecraft:animals_bred":2,"minecraft:interact_with_crafting_table":18,"minecraft:damage_dealt_resisted":33,"minecraft:leave_game":2,"minecraft:time_since_death":42030,"minecraft:climb_one_cm":1362,"minecraft:sprint_one_cm":144852,"minecraft:walk_one_cm":523184,"minecraft:drop":23,"minecraft:talked_to_villager":1,"minecraft:play_time":89680,"minecraft:deaths":2,"minecraft:sneak_time":954,"minecraft:walk_under_water_one_cm":22083,"minecraft:jump":1152,"minecraft:walk_on_water_one_cm":14469,"minecraft:total_world_time":89680,"minecraft:interact_with_furnace":4,"minecraft:sleep_in_bed":5,"minecraft:time_since_rest":11556,"minecraft:damage_taken":1588,"minecraft:damage_dealt":2224,"minecraft:swim_one_cm":46600,"minecraft:fly_one_cm":167745,"minecraft:open_chest":24,"minecraft:crouch_one_cm":2529,"tombstone:undead_killed":2,"minecraft:fall_one_cm":25176},"minecraft:crafted":{"minecraft:oak_planks":280,"minecraft:stone_shovel":2,"minecraft:iron_axe":1,"luminousworld:white_oak_plank":16,"minecraft:stone_pickaxe":1,"minecraft:wheat":117,"luminousworld:autumnplank":52,"minecraft:crafting_table":1,"luminousworld:auburn_door":3,"minecraft:wooden_pickaxe":1,"minecraft:iron_sword":1,"minecraft:birch_planks":116,"minecraft:stone_axe":8,"minecraft:bread":59,"supplementaries:timber_brace":1,"minecraft:stick":36,"quark:oak_chest":2,"minecraft:iron_ingot":9,"minecraft:iron_pickaxe":1,"minecraft:stone_sword":1},"minecraft:picked_up":{"luminousworld:groundpebbles_1":1,"minecraft:crafting_table":1,"minecraft:wheat":92,"minecraft:azure_bluet":1,"minecraft:leather_leggings":3,"minecraft:cornflower":2,"minecraft:iron_axe":1,"minecraft:armor_stand":8,"minecraft:beef":7,"minecraft:poppy":7,"minecraft:birch_sapling":4,"minecraft:iron_boots":4,"minecraft:stick":18,"luminousworld:auburnlog":13,"ecologics:walnut_log":5,"ecologics:coconut_slice":2,"luminousworld:grassflowers":2,"minecraft:stone_sword":2,"minecraft:arrow":2,"minecraft:rotten_flesh":3,"supplementaries:timber_brace":1,"minecraft:hay_block":13,"minecraft:iron_block":1,"minecraft:mutton":2,"minecraft:iron_bars":2,"minecraft:cobblestone":31,"minecraft:white_wool":1,"minecraft:oxeye_daisy":3,"minecraft:birch_log":177,"minecraft:leather_chestplate":3,"born_in_chaos_v1:monster_flesh":1,"minecraft:water_bucket":2,"minecraft:leather":5,"minecraft:birch_planks":1,"minecraft:oak_log":205,"iceandfire:ectoplasm":2,"minecraft:dirt":218,"minecraft:lantern":2,"minecraft:leather_boots":3,"minecraft:apple":4,"minecraft:wheat_seeds":255,"minecraft:rabbit_hide":1,"minecraft:rabbit":1,"minecraft:iron_sword":1,"minecraft:oak_planks":84,"minecraft:dandelion":15,"minecraft:white_bed":2,"minecraft:leather_helmet":3,"luminousworld:whiteoaklog":8,"minecraft:oak_sapling":29,"born_in_chaos_v1:rotten_fish":2},"minecraft:killed":{"minecraft:spider":1,"enemyexpansion:direwolf":2,"born_in_chaos_v1:corpse_fish":2,"naturalist:snake":1,"earthmobsmod:lobber_zombie":1,"enemyexpansion:sprinter":1,"minecraft:sheep":1,"minecraft:cow":3}},"DataVersion":3465}