{"stats":{"minecraft:dropped":{"minecraft:bread":6,"minecraft:wheat_seeds":116,"ecologics:coconut_slice":2,"minecraft:gold_nugget":3,"minecraft:chainmail_leggings":1,"minecraft:dandelion":5,"minecraft:stone_axe":1,"minecraft:stone_sword":2,"minecraft:rotten_flesh":3,"minecraft:poppy":2,"minecraft:oak_sapling":6,"minecraft:iron_bars":1,"minecraft:arrow":1},"minecraft:killed_by":{"undead_revamp2:sucker":1,"born_in_chaos_v1:glutton_fish":1},"minecraft:used":{"minecraft:stone_sword":101,"minecraft:iron_bars":1,"minecraft:armor_stand":4,"minecraft:stone_shovel":244,"minecraft:poppy":5,"minecraft:shield":18,"minecraft:iron_sword":53,"minecraft:torch":21,"minecraft:dirt":105,"luminousworld:grassflowers":2,"minecraft:azure_bluet":1,"minecraft:lantern":2,"minecraft:iron_axe":256,"minecraft:oak_stairs":10,"supplementaries:timber_brace":1,"minecraft:oak_sapling":1,"luminousworld:auburn_door":2,"tombstone:gift":2,"minecraft:wheat_seeds":91,"minecraft:water_bucket":27,"minecraft:leather_leggings":1,"minecraft:birch_planks":227,"minecraft:stone_pickaxe":50,"minecraft:oak_planks":391,"minecraft:wooden_pickaxe":15,"minecraft:leather_chestplate":1,"minecraft:leather_boots":1,"luminousworld:groundpebbles_1":1,"minecraft:crafting_table":2,"minecraft:white_bed":2,"minecraft:oak_log":7,"minecraft:cornflower":1,"minecraft:apple":1,"minecraft:oxeye_daisy":3,"minecraft:bread":39,"minecraft:iron_pickaxe":4,"minecraft:leather_helmet":1,"minecraft:stone_axe":262,"minecraft:bucket":28,"minecraft:birch_log":1,"quark:oak_chest":4,"alexsmobs:animal_dictionary":1,"minecraft:dandelion":9},"minecraft:mined":{"luminousworld:white_petunias":1,"minecraft:white_bed":2,"luminousworld:grassvariant_4":7,"luminousworld:autumnleaves":1,"born_in_chaos_v1:infected_diamond_ore":1,"minecraft:stone_button":1,"minecraft:grass_block":213,"luminousworld:grassvariant_2":8,"minecraft:oxeye_daisy":1,"minecraft:hay_block":13,"supplementaries:timber_brace":1,"minecraft:iron_ore":5,"minecraft:iron_bars":1,"minecraft:stripped_oak_log":1,"luminousworld:groundpebbles_2":1,"ecologics:walnut_log":5,"minecraft:stone":36,"minecraft:iron_block":1,"minecraft:dandelion":1,"minecraft:crafting_table":1,"minecraft:cornflower":1,"minecraft:torch":1,"minecraft:poppy":1,"luminousworld:auburnlog":14,"minecraft:tall_grass":3,"minecraft:copper_ore":1,"minecraft:lapis_ore":2,"minecraft:oak_planks":90,"luminousworld:whiteoaklog":13,"minecraft:birch_planks":3,"minecraft:birch_log":179,"minecraft:wheat":92,"minecraft:birch_leaves":4,"minecraft:grass":30,"minecraft:oak_log":191,"minecraft:coal_ore":12,"minecraft:sand":28,"minecraft:dirt":7,"luminousworld:grassvariant_3":6,"minecraft:cobweb":4,"minecraft:stonecutter":1,"minecraft:gold_ore":1,"minecraft:oak_leaves":5,"minecraft:deepslate":2},"minecraft:broken":{"minecraft:leather_helmet":1,"minecraft:stone_sword":1,"minecraft:iron_axe":1,"minecraft:stone_axe":1,"aether:leather_gloves":1,"minecraft:stone_shovel":1},"minecraft:custom":{"minecraft:interact_with_smithing_table":1,"minecraft:mob_kills":32,"minecraft:animals_bred":2,"minecraft:interact_with_crafting_table":23,"minecraft:open_barrel":3,"minecraft:damage_dealt_resisted":33,"minecraft:leave_game":3,"minecraft:time_since_death":3988,"minecraft:climb_one_cm":1362,"minecraft:sprint_one_cm":208829,"minecraft:walk_one_cm":662554,"minecraft:damage_blocked_by_shield":440,"minecraft:drop":24,"minecraft:talked_to_villager":1,"minecraft:play_time":125300,"minecraft:deaths":3,"minecraft:sneak_time":3841,"minecraft:walk_under_water_one_cm":23072,"minecraft:jump":1874,"minecraft:interact_with_blast_furnace":3,"minecraft:walk_on_water_one_cm":30714,"minecraft:total_world_time":125300,"minecraft:interact_with_furnace":8,"minecraft:interact_with_loom":3,"minecraft:interact_with_stonecutter":1,"minecraft:sleep_in_bed":6,"minecraft:time_since_rest":2286,"minecraft:damage_taken":2823,"minecraft:damage_dealt":6555,"minecraft:swim_one_cm":48263,"minecraft:fly_one_cm":307352,"minecraft:open_chest":39,"minecraft:crouch_one_cm":16003,"tombstone:undead_killed":11,"minecraft:fall_one_cm":46401},"minecraft:crafted":{"minecraft:oak_planks":600,"minecraft:stone_shovel":2,"minecraft:iron_axe":1,"luminousworld:white_oak_plank":16,"minecraft:stone_pickaxe":1,"minecraft:wheat":117,"luminousworld:autumnplank":52,"minecraft:crafting_table":1,"luminousworld:auburn_door":3,"minecraft:wooden_pickaxe":1,"minecraft:iron_sword":1,"minecraft:birch_planks":320,"minecraft:stone_axe":8,"minecraft:bread":59,"minecraft:shield":1,"supplementaries:timber_brace":1,"minecraft:stick":36,"quark:oak_chest":5,"minecraft:iron_ingot":9,"minecraft:iron_pickaxe":1,"minecraft:oak_stairs":68,"minecraft:stone_sword":1,"minecraft:torch":20},"minecraft:picked_up":{"minecraft:crafting_table":1,"luminousworld:groundpebbles_1":1,"born_in_chaos_v1:diamond_termite_shard":2,"minecraft:wheat":92,"minecraft:azure_bluet":1,"minecraft:leather_leggings":3,"minecraft:cornflower":2,"minecraft:string":4,"minecraft:raw_copper":6,"minecraft:iron_axe":1,"minecraft:armor_stand":8,"minecraft:cobbled_deepslate":2,"minecraft:beef":7,"minecraft:poppy":7,"minecraft:birch_sapling":4,"minecraft:iron_boots":4,"minecraft:stick":18,"minecraft:raw_iron":5,"luminousworld:auburnlog":13,"ecologics:walnut_log":5,"ecologics:coconut_slice":2,"minecraft:copper_ingot":1,"minecraft:torch":2,"minecraft:stone_button":1,"tombstone:grave_dust":4,"minecraft:stone_sword":2,"luminousworld:grassflowers":2,"minecraft:arrow":5,"minecraft:rotten_flesh":14,"supplementaries:timber_brace":1,"minecraft:hay_block":13,"minecraft:iron_block":1,"minecraft:mutton":2,"minecraft:iron_bars":2,"minecraft:cobblestone":48,"minecraft:white_wool":1,"minecraft:oxeye_daisy":3,"minecraft:stripped_oak_log":1,"minecraft:birch_log":177,"minecraft:leather_chestplate":3,"born_in_chaos_v1:monster_flesh":1,"minecraft:water_bucket":2,"minecraft:leather":5,"minecraft:birch_planks":3,"minecraft:oak_log":205,"iceandfire:ectoplasm":2,"minecraft:gunpowder":3,"minecraft:lapis_lazuli":14,"minecraft:dirt":220,"minecraft:lantern":2,"minecraft:leather_boots":3,"minecraft:bone":5,"minecraft:apple":4,"minecraft:stonecutter":1,"minecraft:wheat_seeds":255,"minecraft:raw_gold":1,"minecraft:rabbit_hide":1,"minecraft:rabbit":1,"minecraft:iron_sword":1,"minecraft:oak_planks":91,"minecraft:dandelion":15,"minecraft:sand":27,"minecraft:white_bed":2,"minecraft:leather_helmet":3,"luminousworld:whiteoaklog":8,"minecraft:slime_ball":6,"minecraft:oak_sapling":29,"born_in_chaos_v1:rotten_fish":2,"minecraft:coal":12},"minecraft:killed":{"born_in_chaos_v1:zombie_clown":1,"minecraft:spider":1,"enemyexpansion:direwolf":2,"minecraft:skeleton":1,"undead_revamp2:therod":1,"born_in_chaos_v1:corpse_fish":2,"undead_revamp2:thepregnant":1,"born_in_chaos_v1:diamond_termite":4,"naturalist:snake":1,"undead_revamp2:the_moonflower":1,"earthmobsmod:lobber_zombie":1,"enemyexpansion:sprinter":1,"minecraft:creeper":1,"minecraft:sheep":1,"undead_revamp2:thebidyupside":1,"minecraft:zombie":3,"born_in_chaos_v1:dread_hound":1,"enemyexpansion:huntsman":1,"minecraft:cow":3}},"DataVersion":3465}