{"stats":{"minecraft:dropped":{"minecraft:stone_axe":1,"minecraft:wheat_seeds":116,"minecraft:stone_sword":2,"minecraft:rotten_flesh":3,"minecraft:oak_sapling":5,"minecraft:gold_nugget":3,"minecraft:dandelion":5},"minecraft:killed_by":{"born_in_chaos_v1:glutton_fish":1},"minecraft:used":{"minecraft:wheat_seeds":91,"minecraft:water_bucket":2,"minecraft:leather_leggings":1,"minecraft:stone_sword":41,"minecraft:armor_stand":4,"minecraft:stone_shovel":93,"minecraft:stone_pickaxe":16,"minecraft:poppy":5,"minecraft:wooden_pickaxe":15,"minecraft:leather_chestplate":1,"luminousworld:groundpebbles_1":1,"minecraft:leather_boots":1,"minecraft:dirt":93,"minecraft:crafting_table":1,"luminousworld:grassflowers":2,"minecraft:azure_bluet":1,"minecraft:oak_log":4,"minecraft:cornflower":1,"minecraft:apple":1,"minecraft:oxeye_daisy":2,"minecraft:iron_axe":6,"minecraft:bread":13,"minecraft:leather_helmet":1,"minecraft:stone_axe":60,"minecraft:bucket":3,"alexsmobs:animal_dictionary":1,"minecraft:dandelion":8},"minecraft:mined":{"luminousworld:white_petunias":1,"luminousworld:grassvariant_4":4,"luminousworld:autumnleaves":1,"minecraft:crafting_table":1,"minecraft:grass_block":91,"luminousworld:auburnlog":14,"luminousworld:grassvariant_2":5,"minecraft:tall_grass":2,"luminousworld:whiteoaklog":13,"minecraft:hay_block":13,"minecraft:birch_log":4,"minecraft:wheat":92,"minecraft:grass":12,"minecraft:oak_log":26,"minecraft:iron_bars":1,"minecraft:dirt":3,"luminousworld:grassvariant_3":3,"luminousworld:groundpebbles_2":1,"ecologics:walnut_log":5,"minecraft:stone":26,"minecraft:iron_block":1,"minecraft:oak_leaves":1},"minecraft:custom":{"minecraft:interact_with_smithing_table":1,"minecraft:interact_with_furnace":4,"minecraft:mob_kills":8,"minecraft:animals_bred":2,"minecraft:interact_with_crafting_table":6,"minecraft:damage_dealt_resisted":33,"minecraft:leave_game":1,"minecraft:time_since_death":31065,"minecraft:sleep_in_bed":2,"minecraft:climb_one_cm":1362,"minecraft:time_since_rest":10004,"minecraft:sprint_one_cm":68697,"minecraft:damage_taken":928,"minecraft:walk_one_cm":264457,"minecraft:drop":11,"minecraft:damage_dealt":1660,"minecraft:talked_to_villager":1,"minecraft:swim_one_cm":16851,"minecraft:fly_one_cm":77487,"minecraft:open_chest":13,"minecraft:crouch_one_cm":208,"minecraft:play_time":42023,"tombstone:undead_killed":2,"minecraft:deaths":1,"minecraft:sneak_time":123,"minecraft:walk_under_water_one_cm":7540,"minecraft:jump":531,"minecraft:walk_on_water_one_cm":6462,"minecraft:total_world_time":42023,"minecraft:fall_one_cm":9792},"minecraft:crafted":{"minecraft:oak_planks":44,"minecraft:stone_shovel":1,"minecraft:crafting_table":1,"minecraft:wooden_pickaxe":1,"minecraft:stone_axe":1,"minecraft:bread":20,"minecraft:stick":8,"minecraft:stone_pickaxe":1,"minecraft:stone_sword":1},"minecraft:picked_up":{"minecraft:birch_log":4,"luminousworld:groundpebbles_1":1,"minecraft:crafting_table":1,"minecraft:leather_chestplate":3,"minecraft:wheat":92,"minecraft:azure_bluet":1,"minecraft:leather_leggings":3,"minecraft:leather":2,"minecraft:oak_log":26,"iceandfire:ectoplasm":1,"minecraft:cornflower":1,"minecraft:dirt":93,"minecraft:lantern":1,"minecraft:iron_axe":1,"minecraft:leather_boots":3,"minecraft:armor_stand":8,"minecraft:apple":1,"minecraft:wheat_seeds":251,"minecraft:beef":2,"minecraft:poppy":5,"minecraft:birch_sapling":2,"minecraft:iron_sword":1,"minecraft:iron_boots":4,"minecraft:stick":3,"luminousworld:auburnlog":13,"ecologics:walnut_log":5,"minecraft:dandelion":13,"minecraft:leather_helmet":3,"luminousworld:whiteoaklog":8,"luminousworld:grassflowers":2,"minecraft:stone_sword":2,"minecraft:arrow":1,"minecraft:rotten_flesh":3,"minecraft:hay_block":13,"minecraft:iron_block":1,"minecraft:oak_sapling":5,"born_in_chaos_v1:rotten_fish":2,"minecraft:iron_bars":1,"minecraft:cobblestone":31,"minecraft:oxeye_daisy":2},"minecraft:killed":{"minecraft:spider":1,"earthmobsmod:lobber_zombie":1,"enemyexpansion:sprinter":1,"enemyexpansion:direwolf":2,"born_in_chaos_v1:corpse_fish":2,"minecraft:cow":1}},"DataVersion":3465}