{"stats":{"minecraft:dropped":{"minecraft:bread":6,"minecraft:stone_axe":1,"minecraft:wheat_seeds":116,"minecraft:stone_sword":2,"ecologics:coconut_slice":2,"minecraft:rotten_flesh":3,"minecraft:poppy":2,"minecraft:oak_sapling":6,"minecraft:gold_nugget":3,"minecraft:iron_bars":1,"minecraft:arrow":1,"minecraft:dandelion":5},"minecraft:killed_by":{"born_in_chaos_v1:glutton_fish":1},"minecraft:used":{"minecraft:wheat_seeds":91,"minecraft:water_bucket":24,"minecraft:iron_bars":1,"minecraft:leather_leggings":1,"minecraft:stone_sword":46,"minecraft:birch_planks":117,"minecraft:armor_stand":4,"minecraft:stone_pickaxe":16,"minecraft:stone_shovel":216,"minecraft:oak_planks":232,"minecraft:poppy":5,"minecraft:wooden_pickaxe":15,"minecraft:leather_chestplate":1,"luminousworld:groundpebbles_1":1,"minecraft:leather_boots":1,"minecraft:dirt":105,"minecraft:crafting_table":2,"luminousworld:grassflowers":2,"minecraft:white_bed":2,"minecraft:azure_bluet":1,"minecraft:oak_log":4,"minecraft:apple":1,"minecraft:cornflower":1,"minecraft:oxeye_daisy":3,"minecraft:lantern":2,"minecraft:iron_axe":256,"minecraft:bread":18,"supplementaries:timber_brace":1,"minecraft:leather_helmet":1,"minecraft:stone_axe":76,"luminousworld:auburn_door":2,"minecraft:oak_sapling":1,"minecraft:birch_log":1,"minecraft:bucket":25,"quark:oak_chest":2,"alexsmobs:animal_dictionary":1,"minecraft:dandelion":9},"minecraft:mined":{"luminousworld:white_petunias":1,"luminousworld:grassvariant_4":6,"luminousworld:autumnleaves":1,"minecraft:dandelion":1,"minecraft:crafting_table":1,"minecraft:grass_block":212,"minecraft:poppy":1,"luminousworld:auburnlog":14,"luminousworld:grassvariant_2":7,"minecraft:tall_grass":2,"minecraft:oak_planks":83,"minecraft:oxeye_daisy":1,"luminousworld:whiteoaklog":13,"minecraft:hay_block":13,"minecraft:birch_planks":1,"supplementaries:timber_brace":1,"minecraft:birch_log":76,"minecraft:wheat":92,"minecraft:grass":27,"minecraft:oak_log":124,"minecraft:iron_bars":1,"minecraft:dirt":7,"luminousworld:grassvariant_3":4,"luminousworld:groundpebbles_2":1,"ecologics:walnut_log":5,"minecraft:stone":26,"minecraft:iron_block":1,"minecraft:oak_leaves":3,"minecraft:white_bed":2},"minecraft:broken":{"minecraft:iron_axe":1,"minecraft:stone_shovel":1},"minecraft:custom":{"minecraft:interact_with_smithing_table":1,"minecraft:interact_with_furnace":4,"minecraft:mob_kills":9,"minecraft:animals_bred":2,"minecraft:interact_with_crafting_table":18,"minecraft:damage_dealt_resisted":33,"minecraft:leave_game":2,"minecraft:time_since_death":36030,"minecraft:sleep_in_bed":5,"minecraft:climb_one_cm":1362,"minecraft:time_since_rest":5556,"minecraft:sprint_one_cm":135068,"minecraft:damage_taken":1558,"minecraft:walk_one_cm":467195,"minecraft:drop":23,"minecraft:damage_dealt":1942,"minecraft:swim_one_cm":44261,"minecraft:talked_to_villager":1,"minecraft:fly_one_cm":164172,"minecraft:open_chest":24,"minecraft:play_time":83680,"minecraft:crouch_one_cm":1874,"tombstone:undead_killed":2,"minecraft:deaths":2,"minecraft:sneak_time":803,"minecraft:walk_under_water_one_cm":21386,"minecraft:jump":1064,"minecraft:walk_on_water_one_cm":14043,"minecraft:total_world_time":83680,"minecraft:fall_one_cm":24758},"minecraft:crafted":{"minecraft:oak_planks":280,"minecraft:stone_shovel":2,"minecraft:crafting_table":1,"luminousworld:auburn_door":3,"minecraft:wooden_pickaxe":1,"minecraft:iron_sword":1,"minecraft:birch_planks":116,"minecraft:stone_axe":8,"minecraft:bread":59,"minecraft:iron_axe":1,"supplementaries:timber_brace":1,"luminousworld:white_oak_plank":16,"minecraft:stick":36,"quark:oak_chest":2,"minecraft:iron_ingot":9,"minecraft:iron_pickaxe":1,"minecraft:stone_pickaxe":1,"minecraft:stone_sword":1,"minecraft:wheat":117,"luminousworld:autumnplank":52},"minecraft:picked_up":{"minecraft:birch_log":75,"luminousworld:groundpebbles_1":1,"minecraft:crafting_table":1,"minecraft:wheat":92,"minecraft:leather_chestplate":3,"minecraft:azure_bluet":1,"born_in_chaos_v1:monster_flesh":1,"minecraft:water_bucket":2,"minecraft:leather_leggings":3,"minecraft:leather":4,"minecraft:birch_planks":1,"minecraft:oak_log":137,"iceandfire:ectoplasm":2,"minecraft:cornflower":1,"minecraft:dirt":218,"minecraft:lantern":2,"minecraft:iron_axe":1,"minecraft:leather_boots":3,"minecraft:armor_stand":8,"minecraft:apple":1,"minecraft:wheat_seeds":255,"minecraft:beef":4,"minecraft:poppy":7,"minecraft:oak_planks":84,"minecraft:birch_sapling":2,"minecraft:iron_sword":1,"minecraft:iron_boots":4,"minecraft:stick":5,"luminousworld:auburnlog":13,"ecologics:walnut_log":5,"ecologics:coconut_slice":2,"minecraft:dandelion":15,"minecraft:white_bed":2,"minecraft:leather_helmet":3,"luminousworld:whiteoaklog":8,"luminousworld:grassflowers":2,"minecraft:stone_sword":2,"minecraft:arrow":2,"minecraft:rotten_flesh":3,"supplementaries:timber_brace":1,"minecraft:hay_block":13,"minecraft:iron_block":1,"born_in_chaos_v1:rotten_fish":2,"minecraft:oak_sapling":7,"minecraft:iron_bars":2,"minecraft:cobblestone":31,"minecraft:oxeye_daisy":3},"minecraft:killed":{"minecraft:spider":1,"earthmobsmod:lobber_zombie":1,"enemyexpansion:sprinter":1,"enemyexpansion:direwolf":2,"born_in_chaos_v1:corpse_fish":2,"minecraft:cow":2}},"DataVersion":3465}