{"stats":{"minecraft:used":{"minecraft:stone_axe":9,"minecraft:crafting_table":1,"minecraft:stone_pickaxe":7,"alexsmobs:animal_dictionary":1,"minecraft:wooden_pickaxe":15},"minecraft:mined":{"luminousworld:white_petunias":1,"minecraft:oak_log":12,"luminousworld:auburnlog":7,"luminousworld:grassvariant_4":3,"minecraft:stone":19,"minecraft:oak_leaves":1,"minecraft:crafting_table":1},"minecraft:custom":{"minecraft:time_since_rest":6023,"minecraft:sprint_one_cm":3404,"minecraft:play_time":6023,"minecraft:walk_one_cm":25288,"minecraft:sneak_time":2,"minecraft:jump":32,"minecraft:damage_dealt":10,"minecraft:time_since_death":6023,"minecraft:leave_game":1,"minecraft:total_world_time":6023,"minecraft:interact_with_crafting_table":5,"minecraft:fall_one_cm":1045,"minecraft:fly_one_cm":2495},"minecraft:picked_up":{"minecraft:stick":2,"minecraft:crafting_table":1,"luminousworld:auburnlog":6,"minecraft:oak_log":11,"minecraft:oak_sapling":1,"minecraft:cobblestone":19},"minecraft:crafted":{"minecraft:stone_sword":1,"minecraft:oak_planks":44,"minecraft:stone_shovel":1,"minecraft:stone_axe":1,"minecraft:crafting_table":1,"minecraft:stick":8,"minecraft:wooden_pickaxe":1,"minecraft:stone_pickaxe":1}},"DataVersion":3465}