{"stats":{"minecraft:dropped":{"minecraft:stone_sword":2},"minecraft:killed_by":{"born_in_chaos_v1:glutton_fish":1},"minecraft:used":{"minecraft:leather_leggings":1,"minecraft:apple":1,"minecraft:stone_sword":15,"minecraft:armor_stand":4,"minecraft:stone_pickaxe":14,"minecraft:leather_helmet":1,"minecraft:leather_chestplate":1,"minecraft:wooden_pickaxe":15,"luminousworld:groundpebbles_1":1,"minecraft:leather_boots":1,"minecraft:stone_axe":49,"minecraft:crafting_table":1,"alexsmobs:animal_dictionary":1,"minecraft:oak_log":4},"minecraft:mined":{"luminousworld:white_petunias":1,"luminousworld:whiteoaklog":13,"luminousworld:grassvariant_4":4,"minecraft:birch_log":4,"luminousworld:autumnleaves":1,"minecraft:crafting_table":1,"minecraft:grass_block":2,"minecraft:oak_log":26,"luminousworld:auburnlog":14,"luminousworld:grassvariant_3":2,"luminousworld:groundpebbles_2":1,"minecraft:stone":26,"minecraft:oak_leaves":1},"minecraft:custom":{"minecraft:time_since_rest":1387,"minecraft:sprint_one_cm":27321,"minecraft:damage_taken":438,"minecraft:walk_one_cm":104786,"minecraft:mob_kills":4,"minecraft:drop":2,"minecraft:damage_dealt":469,"minecraft:swim_one_cm":15854,"minecraft:interact_with_crafting_table":5,"minecraft:fly_one_cm":28493,"minecraft:open_chest":3,"tombstone:undead_killed":1,"minecraft:crouch_one_cm":208,"minecraft:play_time":18023,"minecraft:deaths":1,"minecraft:sneak_time":118,"minecraft:walk_under_water_one_cm":6980,"minecraft:damage_dealt_resisted":33,"minecraft:jump":209,"minecraft:walk_on_water_one_cm":4298,"minecraft:leave_game":1,"minecraft:time_since_death":7065,"minecraft:sleep_in_bed":1,"minecraft:total_world_time":18023,"minecraft:fall_one_cm":4477},"minecraft:crafted":{"minecraft:oak_planks":44,"minecraft:stone_shovel":1,"minecraft:crafting_table":1,"minecraft:stick":8,"minecraft:wooden_pickaxe":1,"minecraft:stone_pickaxe":1,"minecraft:stone_sword":1,"minecraft:stone_axe":1},"minecraft:picked_up":{"minecraft:birch_log":4,"luminousworld:groundpebbles_1":1,"minecraft:stick":3,"minecraft:crafting_table":1,"minecraft:leather_chestplate":3,"luminousworld:auburnlog":13,"minecraft:leather_leggings":3,"minecraft:leather":2,"iceandfire:ectoplasm":1,"minecraft:oak_log":26,"minecraft:leather_helmet":3,"minecraft:dirt":2,"luminousworld:whiteoaklog":8,"minecraft:leather_boots":3,"minecraft:armor_stand":4,"minecraft:stone_sword":2,"minecraft:rotten_flesh":3,"minecraft:apple":1,"minecraft:beef":2,"born_in_chaos_v1:rotten_fish":2,"minecraft:oak_sapling":5,"minecraft:birch_sapling":2,"minecraft:cobblestone":26},"minecraft:killed":{"earthmobsmod:lobber_zombie":1,"born_in_chaos_v1:corpse_fish":2,"minecraft:cow":1}},"DataVersion":3465}