{"stats":{"minecraft:dropped":{"minecraft:wheat_seeds":52,"minecraft:stone_sword":2,"minecraft:rotten_flesh":3,"minecraft:oak_sapling":5},"minecraft:killed_by":{"born_in_chaos_v1:glutton_fish":1},"minecraft:used":{"minecraft:wheat_seeds":91,"minecraft:leather_leggings":1,"minecraft:stone_sword":15,"minecraft:armor_stand":4,"minecraft:stone_pickaxe":16,"minecraft:wooden_pickaxe":15,"minecraft:leather_chestplate":1,"luminousworld:groundpebbles_1":1,"minecraft:leather_boots":1,"minecraft:crafting_table":1,"minecraft:oak_log":4,"minecraft:apple":1,"minecraft:bread":4,"minecraft:leather_helmet":1,"minecraft:stone_axe":49,"alexsmobs:animal_dictionary":1},"minecraft:mined":{"luminousworld:white_petunias":1,"luminousworld:grassvariant_4":4,"luminousworld:autumnleaves":1,"minecraft:crafting_table":1,"minecraft:grass_block":2,"luminousworld:auburnlog":14,"luminousworld:whiteoaklog":13,"minecraft:hay_block":13,"minecraft:birch_log":4,"minecraft:wheat":92,"minecraft:grass":1,"minecraft:oak_log":26,"minecraft:iron_bars":1,"luminousworld:grassvariant_3":2,"luminousworld:groundpebbles_2":1,"minecraft:stone":26,"minecraft:iron_block":1,"minecraft:oak_leaves":1},"minecraft:custom":{"minecraft:interact_with_smithing_table":1,"minecraft:interact_with_furnace":2,"minecraft:mob_kills":4,"minecraft:animals_bred":2,"minecraft:interact_with_crafting_table":6,"minecraft:damage_dealt_resisted":33,"minecraft:leave_game":1,"minecraft:time_since_death":19065,"minecraft:sleep_in_bed":1,"minecraft:climb_one_cm":932,"minecraft:time_since_rest":13387,"minecraft:sprint_one_cm":33860,"minecraft:damage_taken":458,"minecraft:walk_one_cm":189995,"minecraft:drop":5,"minecraft:damage_dealt":469,"minecraft:swim_one_cm":15854,"minecraft:fly_one_cm":31127,"minecraft:open_chest":12,"minecraft:crouch_one_cm":208,"minecraft:play_time":30023,"tombstone:undead_killed":1,"minecraft:deaths":1,"minecraft:sneak_time":123,"minecraft:walk_under_water_one_cm":6980,"minecraft:jump":277,"minecraft:walk_on_water_one_cm":4735,"minecraft:total_world_time":30023,"minecraft:fall_one_cm":5301},"minecraft:crafted":{"minecraft:oak_planks":44,"minecraft:stone_shovel":1,"minecraft:crafting_table":1,"minecraft:wooden_pickaxe":1,"minecraft:stone_axe":1,"minecraft:bread":20,"minecraft:stick":8,"minecraft:stone_pickaxe":1,"minecraft:stone_sword":1},"minecraft:picked_up":{"minecraft:birch_log":4,"luminousworld:groundpebbles_1":1,"minecraft:crafting_table":1,"minecraft:leather_chestplate":3,"minecraft:wheat":92,"minecraft:leather_leggings":3,"minecraft:leather":2,"minecraft:oak_log":26,"iceandfire:ectoplasm":1,"minecraft:dirt":2,"minecraft:lantern":1,"minecraft:leather_boots":3,"minecraft:armor_stand":8,"minecraft:apple":1,"minecraft:wheat_seeds":243,"minecraft:beef":2,"minecraft:birch_sapling":2,"minecraft:iron_sword":1,"minecraft:iron_boots":4,"minecraft:stick":3,"luminousworld:auburnlog":13,"minecraft:leather_helmet":3,"luminousworld:whiteoaklog":8,"minecraft:stone_sword":2,"minecraft:rotten_flesh":3,"minecraft:hay_block":13,"minecraft:iron_block":1,"minecraft:oak_sapling":5,"born_in_chaos_v1:rotten_fish":2,"minecraft:iron_bars":1,"minecraft:cobblestone":31},"minecraft:killed":{"earthmobsmod:lobber_zombie":1,"born_in_chaos_v1:corpse_fish":2,"minecraft:cow":1}},"DataVersion":3465}