{"stats":{"minecraft:dropped":{"luminousworld:white_petunias":1},"minecraft:used":{"minecraft:wooden_axe":33,"minecraft:bread":1,"minecraft:leather_boots":1,"minecraft:crafting_table":1},"minecraft:mined":{"minecraft:birch_log":7,"minecraft:birch_leaves":1,"minecraft:crafting_table":1,"minecraft:grass":1,"minecraft:oak_log":21,"minecraft:sugar_cane":1,"minecraft:oak_leaves":4},"minecraft:custom":{"minecraft:time_since_rest":1387,"minecraft:sprint_one_cm":22030,"minecraft:damage_taken":205,"minecraft:walk_one_cm":118301,"minecraft:mob_kills":1,"minecraft:drop":1,"minecraft:damage_dealt":296,"minecraft:talked_to_villager":1,"minecraft:swim_one_cm":1756,"minecraft:interact_with_crafting_table":2,"minecraft:fly_one_cm":9481,"minecraft:open_chest":2,"minecraft:crouch_one_cm":53,"minecraft:play_time":17430,"tombstone:undead_killed":1,"minecraft:sneak_time":11,"minecraft:walk_under_water_one_cm":235,"minecraft:jump":102,"minecraft:eat_cake_slice":5,"minecraft:time_since_death":17430,"minecraft:walk_on_water_one_cm":531,"minecraft:sleep_in_bed":1,"minecraft:total_world_time":17430,"minecraft:fall_one_cm":1402},"minecraft:crafted":{"minecraft:oak_planks":12,"minecraft:crafting_table":1,"minecraft:stick":4,"minecraft:wooden_axe":1},"minecraft:picked_up":{"minecraft:birch_log":7,"luminousworld:groundpebbles_1":1,"minecraft:stick":1,"minecraft:crafting_table":1,"luminousworld:auburnlog":1,"minecraft:oak_log":21,"luminousworld:whiteoaklog":5,"minecraft:rotten_flesh":1,"minecraft:apple":1,"minecraft:emerald":1,"minecraft:bread":2,"luminousworld:white_petunias":1,"minecraft:sugar_cane":3},"minecraft:killed":{"undead_revamp2:thesmoker":1}},"DataVersion":3465}