{"stats":{"minecraft:dropped":{"luminousworld:white_petunias":1},"minecraft:used":{"minecraft:leather_leggings":1,"minecraft:stone_sword":16,"minecraft:stone_shovel":1,"minecraft:stone_pickaxe":154,"minecraft:wooden_pickaxe":59,"minecraft:leather_chestplate":1,"minecraft:leather_boots":3,"minecraft:torch":4,"minecraft:crafting_table":3,"minecraft:wooden_axe":49,"minecraft:bread":5,"minecraft:iron_helmet":1,"minecraft:iron_boots":1,"minecraft:cobblestone":4,"quark:oak_chest":1},"minecraft:mined":{"luminousworld:grassvariant_4":1,"minecraft:crafting_table":1,"minecraft:copper_ore":3,"minecraft:sugar_cane":1,"minecraft:diorite":8,"minecraft:birch_log":7,"minecraft:birch_leaves":1,"minecraft:grass":1,"minecraft:coal_ore":16,"minecraft:oak_log":35,"minecraft:dirt":1,"minecraft:stone":186,"minecraft:oak_leaves":4},"minecraft:broken":{"minecraft:stone_pickaxe":1,"minecraft:wooden_pickaxe":1},"minecraft:custom":{"minecraft:interact_with_furnace":1,"minecraft:mob_kills":5,"minecraft:interact_with_crafting_table":10,"minecraft:eat_cake_slice":5,"minecraft:leave_game":1,"minecraft:time_since_death":51848,"minecraft:sleep_in_bed":4,"minecraft:climb_one_cm":566,"minecraft:time_since_rest":8685,"minecraft:sprint_one_cm":47847,"minecraft:damage_taken":275,"minecraft:walk_one_cm":359007,"minecraft:drop":1,"minecraft:damage_dealt":884,"minecraft:swim_one_cm":2342,"minecraft:talked_to_villager":2,"minecraft:fly_one_cm":19106,"minecraft:open_chest":31,"minecraft:crouch_one_cm":724,"minecraft:play_time":51848,"tombstone:undead_killed":2,"minecraft:sneak_time":204,"minecraft:walk_under_water_one_cm":1087,"minecraft:jump":249,"minecraft:walk_on_water_one_cm":1448,"minecraft:total_world_time":51848,"minecraft:fall_one_cm":3618},"minecraft:crafted":{"minecraft:oak_planks":44,"minecraft:stone_shovel":1,"minecraft:crafting_table":2,"minecraft:wooden_pickaxe":1,"minecraft:stone_axe":1,"minecraft:stick":20,"quark:oak_chest":1,"minecraft:stone_pickaxe":2,"minecraft:wooden_axe":1,"minecraft:stone_sword":1,"minecraft:torch":24},"minecraft:picked_up":{"minecraft:birch_log":7,"luminousworld:groundpebbles_1":1,"minecraft:crafting_table":1,"minecraft:oak_log":35,"minecraft:gunpowder":4,"minecraft:dirt":1,"minecraft:raw_copper":9,"minecraft:experience_bottle":1,"minecraft:bone":2,"minecraft:apple":1,"minecraft:wheat_seeds":52,"minecraft:sugar_cane":3,"luminousworld:white_petunias":1,"minecraft:honeycomb":3,"minecraft:stick":1,"luminousworld:auburnlog":1,"minecraft:diorite":8,"luminousworld:whiteoaklog":5,"minecraft:arrow":1,"minecraft:rotten_flesh":10,"minecraft:iron_helmet":1,"minecraft:emerald":1,"minecraft:bread":2,"minecraft:coal":14,"undead_revamp2:arapholia":1,"minecraft:cobblestone":181},"minecraft:killed":{"undead_revamp2:thesmoker":1,"minecraft:creeper":2,"minecraft:skeleton":1}},"DataVersion":3465}