{"stats":{"minecraft:dropped":{"luminousworld:white_petunias":1,"minecraft:leather_leggings":1},"minecraft:used":{"minecraft:wheat_seeds":7,"minecraft:leather_leggings":1,"minecraft:iron_bars":1,"minecraft:stone_sword":135,"minecraft:stone_shovel":69,"minecraft:stone_pickaxe":504,"minecraft:shield":9,"minecraft:wooden_pickaxe":59,"minecraft:leather_chestplate":1,"minecraft:leather_boots":3,"minecraft:torch":36,"minecraft:sand":1,"minecraft:crafting_table":3,"minecraft:wooden_axe":49,"minecraft:bread":21,"minecraft:iron_helmet":1,"minecraft:iron_boots":1,"minecraft:stone_bricks":2,"minecraft:stone_axe":34,"minecraft:cobblestone":14,"minecraft:bow":1,"tombstone:gift":2,"quark:oak_chest":1,"minecraft:iron_leggings":1},"minecraft:mined":{"iceandfire:silver_ore":1,"luminousworld:grassvariant_4":1,"minecraft:crafting_table":1,"minecraft:granite":29,"minecraft:tall_grass":2,"minecraft:coal_block":1,"minecraft:copper_ore":3,"minecraft:cobblestone":6,"minecraft:lapis_ore":1,"minecraft:sugar_cane":1,"minecraft:diorite":46,"supplementaries:urn":3,"minecraft:hay_block":2,"minecraft:birch_log":7,"minecraft:iron_ore":37,"minecraft:wheat":6,"minecraft:andesite":1,"minecraft:birch_leaves":1,"minecraft:grass":3,"minecraft:coal_ore":85,"minecraft:oak_log":35,"minecraft:deepslate_iron_ore":1,"minecraft:sand":52,"minecraft:dirt":17,"minecraft:stripped_oak_log":2,"minecraft:stone":349,"minecraft:oak_leaves":4},"minecraft:broken":{"minecraft:stone_pickaxe":3,"minecraft:stone_sword":1,"minecraft:wooden_pickaxe":1},"minecraft:custom":{"minecraft:interact_with_furnace":9,"minecraft:mob_kills":30,"minecraft:animals_bred":4,"minecraft:interact_with_crafting_table":20,"minecraft:open_barrel":1,"minecraft:interact_with_loom":1,"minecraft:damage_dealt_resisted":903,"minecraft:eat_cake_slice":7,"minecraft:leave_game":1,"minecraft:time_since_death":5225,"minecraft:sleep_in_bed":7,"minecraft:climb_one_cm":566,"minecraft:time_since_rest":4516,"minecraft:sprint_one_cm":73973,"minecraft:damage_taken":1545,"minecraft:walk_one_cm":887566,"minecraft:damage_blocked_by_shield":180,"minecraft:trigger_trapped_chest":3,"minecraft:drop":2,"minecraft:damage_dealt":6116,"minecraft:swim_one_cm":2342,"minecraft:talked_to_villager":4,"minecraft:fly_one_cm":35810,"minecraft:open_chest":59,"minecraft:crouch_one_cm":4809,"minecraft:play_time":117848,"tombstone:undead_killed":19,"minecraft:deaths":1,"minecraft:sneak_time":1352,"minecraft:walk_under_water_one_cm":4380,"minecraft:jump":664,"minecraft:interact_with_blast_furnace":1,"minecraft:walk_on_water_one_cm":9384,"minecraft:total_world_time":117848,"minecraft:fall_one_cm":10885},"minecraft:crafted":{"minecraft:oak_planks":52,"minecraft:coal":9,"minecraft:stone_shovel":1,"minecraft:crafting_table":2,"travelersbackpack:backpack_tank":3,"minecraft:wooden_pickaxe":1,"minecraft:stone_axe":1,"minecraft:bread":21,"minecraft:air":0,"minecraft:glass":50,"minecraft:shield":1,"minecraft:stick":36,"quark:oak_chest":1,"minecraft:iron_ingot":8,"minecraft:stone_pickaxe":4,"minecraft:wooden_axe":1,"minecraft:stone_sword":1,"minecraft:torch":60,"minecraft:wheat":18},"minecraft:picked_up":{"minecraft:stripped_oak_log":1,"minecraft:birch_log":7,"born_in_chaos_v1:corpse_maggot":1,"luminousworld:groundpebbles_1":1,"born_in_chaos_v1:diamond_termite_shard":1,"minecraft:crafting_table":2,"minecraft:wheat":68,"born_in_chaos_v1:monster_flesh":1,"minecraft:andesite":1,"minecraft:oak_log":45,"minecraft:gunpowder":9,"minecraft:lapis_lazuli":12,"minecraft:string":2,"minecraft:dirt":17,"minecraft:raw_copper":9,"minecraft:iron_axe":1,"minecraft:iron_leggings":1,"minecraft:experience_bottle":1,"minecraft:bone":3,"minecraft:apple":1,"minecraft:stone_bricks":2,"minecraft:bow":2,"minecraft:wheat_seeds":177,"minecraft:bucket":1,"born_in_chaos_v1:gnawed_bones":1,"tombstone:bag_of_seeds":1,"minecraft:coal_block":2,"minecraft:sugar_cane":3,"luminousworld:white_petunias":1,"minecraft:honeycomb":3,"minecraft:raw_iron":38,"minecraft:stick":1,"luminousworld:auburnlog":1,"minecraft:sand":51,"minecraft:diorite":46,"minecraft:dark_oak_fence_gate":1,"luminousworld:whiteoaklog":5,"minecraft:bundle":1,"minecraft:arrow":7,"minecraft:rotten_flesh":16,"supplementaries:antique_ink":1,"minecraft:hay_block":2,"minecraft:iron_helmet":1,"minecraft:granite":29,"minecraft:emerald":1,"minecraft:bread":2,"supplementaries:ash":6,"minecraft:iron_bars":1,"minecraft:coal":82,"undead_revamp2:arapholia":1,"iceandfire:raw_silver":1,"minecraft:cobblestone":348},"minecraft:killed":{"undead_revamp2:thesmoker":1,"enemyexpansion:direwolf":1,"minecraft:creeper":3,"born_in_chaos_v1:maggot":2,"enemyexpansion:crawler":1,"minecraft:skeleton":6,"minecraft:zombie":3,"iceandfire:ghost":3,"enemyexpansion:vampire":2,"born_in_chaos_v1:corpse_fly":1,"born_in_chaos_v1:door_knight":1,"undead_revamp2:sucker":1,"enemyexpansion:slugger":2}},"DataVersion":3465}