{"stats":{"minecraft:dropped":{"luminousworld:white_petunias":1},"minecraft:used":{"minecraft:wooden_axe":49,"minecraft:stone_sword":4,"minecraft:bread":4,"minecraft:wooden_pickaxe":48,"minecraft:leather_boots":1,"minecraft:crafting_table":3,"quark:oak_chest":1},"minecraft:mined":{"luminousworld:grassvariant_4":1,"minecraft:birch_log":7,"minecraft:birch_leaves":1,"minecraft:crafting_table":1,"minecraft:grass":1,"minecraft:coal_ore":6,"minecraft:oak_log":35,"minecraft:stone":42,"minecraft:sugar_cane":1,"minecraft:oak_leaves":4},"minecraft:custom":{"minecraft:time_since_rest":2624,"minecraft:interact_with_furnace":1,"minecraft:sprint_one_cm":37726,"minecraft:damage_taken":205,"minecraft:walk_one_cm":220135,"minecraft:mob_kills":3,"minecraft:drop":1,"minecraft:damage_dealt":516,"minecraft:talked_to_villager":1,"minecraft:swim_one_cm":1756,"minecraft:interact_with_crafting_table":7,"minecraft:fly_one_cm":16161,"minecraft:open_chest":12,"minecraft:crouch_one_cm":53,"minecraft:play_time":34050,"tombstone:undead_killed":2,"minecraft:sneak_time":11,"minecraft:walk_under_water_one_cm":235,"minecraft:jump":185,"minecraft:eat_cake_slice":5,"minecraft:leave_game":1,"minecraft:time_since_death":34050,"minecraft:walk_on_water_one_cm":531,"minecraft:sleep_in_bed":2,"minecraft:climb_one_cm":566,"minecraft:total_world_time":34050,"minecraft:fall_one_cm":2865},"minecraft:crafted":{"minecraft:oak_planks":36,"minecraft:stone_shovel":1,"minecraft:crafting_table":2,"minecraft:stick":16,"quark:oak_chest":1,"minecraft:wooden_pickaxe":1,"minecraft:stone_pickaxe":1,"minecraft:wooden_axe":1,"minecraft:stone_sword":1,"minecraft:stone_axe":1},"minecraft:picked_up":{"minecraft:birch_log":7,"luminousworld:groundpebbles_1":1,"minecraft:stick":1,"minecraft:crafting_table":1,"luminousworld:auburnlog":1,"minecraft:oak_log":35,"minecraft:gunpowder":2,"luminousworld:whiteoaklog":5,"minecraft:experience_bottle":1,"minecraft:bone":2,"minecraft:arrow":1,"minecraft:rotten_flesh":3,"minecraft:apple":1,"minecraft:wheat_seeds":52,"minecraft:emerald":1,"minecraft:bread":2,"luminousworld:white_petunias":1,"minecraft:sugar_cane":3,"minecraft:coal":6,"minecraft:cobblestone":37},"minecraft:killed":{"minecraft:skeleton":1,"undead_revamp2:thesmoker":1,"minecraft:creeper":1}},"DataVersion":3465}