{"stats":{"minecraft:dropped":{"luminousworld:white_petunias":1,"minecraft:leather_leggings":1},"minecraft:used":{"minecraft:wheat_seeds":7,"minecraft:leather_leggings":1,"minecraft:iron_bars":1,"minecraft:stone_sword":119,"minecraft:stone_shovel":69,"minecraft:stone_pickaxe":480,"minecraft:shield":2,"minecraft:wooden_pickaxe":59,"minecraft:leather_chestplate":1,"minecraft:leather_boots":3,"minecraft:torch":22,"minecraft:sand":1,"minecraft:crafting_table":3,"minecraft:wooden_axe":49,"minecraft:bread":18,"minecraft:iron_helmet":1,"minecraft:iron_boots":1,"minecraft:stone_bricks":2,"minecraft:cobblestone":9,"tombstone:gift":1,"quark:oak_chest":1,"minecraft:iron_leggings":1},"minecraft:mined":{"iceandfire:silver_ore":1,"luminousworld:grassvariant_4":1,"minecraft:crafting_table":1,"minecraft:granite":29,"minecraft:tall_grass":2,"minecraft:coal_block":1,"minecraft:copper_ore":3,"minecraft:cobblestone":6,"minecraft:lapis_ore":1,"minecraft:sugar_cane":1,"minecraft:diorite":46,"supplementaries:urn":3,"minecraft:hay_block":2,"minecraft:birch_log":7,"minecraft:iron_ore":22,"minecraft:wheat":6,"minecraft:birch_leaves":1,"minecraft:grass":3,"minecraft:coal_ore":80,"minecraft:oak_log":35,"minecraft:deepslate_iron_ore":1,"minecraft:sand":52,"minecraft:dirt":17,"minecraft:stone":346,"minecraft:oak_leaves":4},"minecraft:broken":{"minecraft:stone_pickaxe":3,"minecraft:wooden_pickaxe":1},"minecraft:custom":{"minecraft:interact_with_furnace":9,"minecraft:mob_kills":16,"minecraft:animals_bred":4,"minecraft:interact_with_crafting_table":20,"minecraft:damage_dealt_resisted":903,"minecraft:eat_cake_slice":7,"minecraft:leave_game":1,"minecraft:time_since_death":105848,"minecraft:sleep_in_bed":7,"minecraft:climb_one_cm":566,"minecraft:time_since_rest":16444,"minecraft:sprint_one_cm":68006,"minecraft:damage_taken":976,"minecraft:walk_one_cm":818923,"minecraft:damage_blocked_by_shield":40,"minecraft:trigger_trapped_chest":3,"minecraft:drop":2,"minecraft:damage_dealt":3764,"minecraft:swim_one_cm":2342,"minecraft:talked_to_villager":4,"minecraft:fly_one_cm":26957,"minecraft:open_chest":59,"minecraft:crouch_one_cm":3109,"minecraft:play_time":105848,"tombstone:undead_killed":10,"minecraft:sneak_time":1031,"minecraft:walk_under_water_one_cm":1087,"minecraft:jump":563,"minecraft:interact_with_blast_furnace":1,"minecraft:walk_on_water_one_cm":2793,"minecraft:total_world_time":105848,"minecraft:fall_one_cm":8329},"minecraft:crafted":{"minecraft:oak_planks":52,"minecraft:coal":9,"minecraft:stone_shovel":1,"minecraft:crafting_table":2,"travelersbackpack:backpack_tank":3,"minecraft:wooden_pickaxe":1,"minecraft:stone_axe":1,"minecraft:bread":21,"minecraft:air":0,"minecraft:glass":50,"minecraft:shield":1,"minecraft:stick":36,"quark:oak_chest":1,"minecraft:iron_ingot":8,"minecraft:stone_pickaxe":4,"minecraft:wooden_axe":1,"minecraft:stone_sword":1,"minecraft:torch":60,"minecraft:wheat":18},"minecraft:picked_up":{"minecraft:birch_log":7,"luminousworld:groundpebbles_1":1,"minecraft:crafting_table":2,"minecraft:wheat":68,"born_in_chaos_v1:monster_flesh":1,"minecraft:oak_log":45,"minecraft:gunpowder":7,"minecraft:lapis_lazuli":12,"minecraft:string":1,"minecraft:dirt":17,"minecraft:raw_copper":9,"minecraft:iron_leggings":1,"minecraft:experience_bottle":1,"minecraft:bone":2,"minecraft:apple":1,"minecraft:stone_bricks":2,"minecraft:bow":1,"minecraft:wheat_seeds":177,"minecraft:bucket":1,"born_in_chaos_v1:gnawed_bones":1,"tombstone:bag_of_seeds":1,"minecraft:coal_block":2,"minecraft:sugar_cane":3,"luminousworld:white_petunias":1,"minecraft:honeycomb":3,"minecraft:raw_iron":23,"minecraft:stick":1,"luminousworld:auburnlog":1,"minecraft:sand":51,"minecraft:diorite":46,"minecraft:dark_oak_fence_gate":1,"luminousworld:whiteoaklog":5,"minecraft:bundle":1,"minecraft:arrow":2,"minecraft:rotten_flesh":13,"supplementaries:antique_ink":1,"minecraft:hay_block":2,"minecraft:iron_helmet":1,"minecraft:granite":29,"minecraft:emerald":1,"minecraft:bread":2,"supplementaries:ash":6,"minecraft:iron_bars":1,"minecraft:coal":80,"undead_revamp2:arapholia":1,"iceandfire:raw_silver":1,"minecraft:cobblestone":345},"minecraft:killed":{"undead_revamp2:thesmoker":1,"enemyexpansion:direwolf":1,"minecraft:creeper":2,"minecraft:skeleton":2,"minecraft:zombie":1,"iceandfire:ghost":3,"enemyexpansion:vampire":2,"born_in_chaos_v1:door_knight":1}},"DataVersion":3465}