{"stats":{"minecraft:used":{"minecraft:wooden_axe":25,"minecraft:crafting_table":1},"minecraft:mined":{"minecraft:oak_log":17,"minecraft:birch_log":7,"minecraft:birch_leaves":1,"minecraft:oak_leaves":4,"minecraft:crafting_table":1},"minecraft:custom":{"minecraft:time_since_rest":5430,"minecraft:play_time":5430,"minecraft:sprint_one_cm":4924,"minecraft:damage_taken":10,"minecraft:walk_one_cm":17141,"minecraft:jump":23,"minecraft:time_since_death":5430,"minecraft:total_world_time":5430,"minecraft:fall_one_cm":418,"minecraft:interact_with_crafting_table":2,"minecraft:fly_one_cm":2521},"minecraft:crafted":{"minecraft:oak_planks":12,"minecraft:crafting_table":1,"minecraft:stick":4,"minecraft:wooden_axe":1},"minecraft:picked_up":{"minecraft:birch_log":7,"minecraft:stick":1,"minecraft:crafting_table":1,"minecraft:apple":1,"minecraft:oak_log":17}},"DataVersion":3465}