{"stats":{"minecraft:dropped":{"luminousworld:white_petunias":1},"minecraft:used":{"minecraft:wooden_axe":49,"minecraft:leather_leggings":1,"minecraft:stone_sword":16,"minecraft:bread":5,"minecraft:leather_chestplate":1,"minecraft:iron_helmet":1,"minecraft:wooden_pickaxe":48,"minecraft:iron_boots":1,"minecraft:leather_boots":3,"minecraft:crafting_table":3,"quark:oak_chest":1},"minecraft:mined":{"luminousworld:grassvariant_4":1,"minecraft:birch_log":7,"minecraft:birch_leaves":1,"minecraft:crafting_table":1,"minecraft:grass":1,"minecraft:oak_log":35,"minecraft:coal_ore":6,"minecraft:stone":42,"minecraft:sugar_cane":1,"minecraft:oak_leaves":4},"minecraft:custom":{"minecraft:time_since_rest":2685,"minecraft:interact_with_furnace":1,"minecraft:sprint_one_cm":47847,"minecraft:damage_taken":275,"minecraft:walk_one_cm":329622,"minecraft:mob_kills":5,"minecraft:drop":1,"minecraft:damage_dealt":884,"minecraft:interact_with_crafting_table":8,"minecraft:swim_one_cm":1756,"minecraft:talked_to_villager":2,"minecraft:fly_one_cm":19080,"minecraft:open_chest":27,"minecraft:crouch_one_cm":724,"minecraft:play_time":45848,"tombstone:undead_killed":2,"minecraft:sneak_time":204,"minecraft:walk_under_water_one_cm":235,"minecraft:jump":222,"minecraft:eat_cake_slice":5,"minecraft:leave_game":1,"minecraft:time_since_death":45848,"minecraft:walk_on_water_one_cm":531,"minecraft:sleep_in_bed":4,"minecraft:total_world_time":45848,"minecraft:climb_one_cm":566,"minecraft:fall_one_cm":3409},"minecraft:crafted":{"minecraft:oak_planks":36,"minecraft:stone_shovel":1,"minecraft:crafting_table":2,"minecraft:stick":16,"quark:oak_chest":1,"minecraft:wooden_pickaxe":1,"minecraft:stone_pickaxe":1,"minecraft:wooden_axe":1,"minecraft:stone_sword":1,"minecraft:torch":24,"minecraft:stone_axe":1},"minecraft:picked_up":{"minecraft:birch_log":7,"minecraft:crafting_table":1,"luminousworld:groundpebbles_1":1,"minecraft:stick":1,"luminousworld:auburnlog":1,"minecraft:oak_log":35,"minecraft:gunpowder":4,"luminousworld:whiteoaklog":5,"minecraft:bone":2,"minecraft:experience_bottle":1,"minecraft:arrow":1,"minecraft:rotten_flesh":10,"minecraft:apple":1,"minecraft:wheat_seeds":52,"minecraft:iron_helmet":1,"minecraft:bread":2,"minecraft:emerald":1,"luminousworld:white_petunias":1,"minecraft:sugar_cane":3,"undead_revamp2:arapholia":1,"minecraft:honeycomb":3,"minecraft:coal":6,"minecraft:cobblestone":37},"minecraft:killed":{"minecraft:skeleton":1,"undead_revamp2:thesmoker":1,"minecraft:creeper":2}},"DataVersion":3465}