{"stats":{"minecraft:dropped":{"luminousworld:white_petunias":1,"minecraft:leather_leggings":1},"minecraft:used":{"minecraft:wheat_seeds":8,"minecraft:leather_leggings":1,"minecraft:iron_bars":1,"minecraft:stone_sword":135,"minecraft:stone_shovel":69,"minecraft:stone_pickaxe":524,"minecraft:shield":9,"minecraft:wooden_pickaxe":59,"minecraft:leather_chestplate":1,"minecraft:iron_sword":35,"minecraft:leather_boots":3,"minecraft:torch":45,"minecraft:sand":1,"minecraft:crafting_table":3,"minecraft:wooden_axe":49,"minecraft:bread":32,"minecraft:iron_helmet":1,"minecraft:iron_boots":1,"minecraft:stone_bricks":2,"minecraft:stone_axe":34,"minecraft:cobblestone":14,"minecraft:bow":1,"tombstone:gift":4,"quark:oak_chest":2,"minecraft:iron_leggings":1},"minecraft:mined":{"iceandfire:silver_ore":1,"luminousworld:grassvariant_4":1,"minecraft:crafting_table":1,"minecraft:granite":29,"luminousworld:grassvariant_2":2,"minecraft:tall_grass":6,"minecraft:coal_block":1,"minecraft:copper_ore":3,"minecraft:cobblestone":6,"minecraft:lapis_ore":1,"minecraft:sugar_cane":1,"minecraft:diorite":46,"minecraft:wall_torch":1,"supplementaries:urn":3,"minecraft:hay_block":2,"minecraft:birch_log":7,"minecraft:iron_ore":37,"minecraft:wheat":7,"minecraft:andesite":1,"minecraft:birch_leaves":1,"minecraft:grass":4,"minecraft:coal_ore":102,"minecraft:oak_log":35,"minecraft:deepslate_iron_ore":1,"minecraft:sand":52,"minecraft:dirt":17,"minecraft:stripped_oak_log":2,"minecraft:stone":352,"minecraft:oak_leaves":4},"minecraft:broken":{"minecraft:stone_pickaxe":4,"minecraft:stone_sword":1,"minecraft:wooden_pickaxe":1},"minecraft:custom":{"minecraft:interact_with_furnace":17,"minecraft:mob_kills":40,"minecraft:animals_bred":8,"minecraft:interact_with_crafting_table":32,"minecraft:open_barrel":1,"minecraft:interact_with_loom":1,"minecraft:damage_dealt_resisted":903,"minecraft:eat_cake_slice":7,"minecraft:leave_game":1,"minecraft:time_since_death":29225,"minecraft:sleep_in_bed":7,"minecraft:climb_one_cm":566,"minecraft:time_since_rest":28516,"minecraft:sprint_one_cm":87430,"minecraft:damage_taken":1996,"minecraft:walk_one_cm":1067652,"minecraft:damage_blocked_by_shield":180,"minecraft:trigger_trapped_chest":3,"minecraft:drop":2,"minecraft:damage_dealt":7508,"minecraft:swim_one_cm":2342,"minecraft:talked_to_villager":4,"minecraft:fly_one_cm":45013,"minecraft:open_chest":88,"minecraft:crouch_one_cm":4993,"minecraft:play_time":141848,"tombstone:undead_killed":23,"minecraft:deaths":1,"minecraft:sneak_time":1443,"minecraft:walk_under_water_one_cm":5648,"minecraft:jump":864,"minecraft:interact_with_blast_furnace":1,"minecraft:walk_on_water_one_cm":10889,"minecraft:total_world_time":141848,"minecraft:fall_one_cm":13850},"minecraft:crafted":{"minecraft:oak_planks":64,"minecraft:coal":9,"minecraft:stone_shovel":1,"minecraft:crafting_table":2,"travelersbackpack:backpack_tank":6,"minecraft:wooden_pickaxe":1,"minecraft:iron_sword":1,"minecraft:stone_axe":1,"minecraft:bread":21,"minecraft:air":0,"minecraft:glass":50,"minecraft:shield":1,"minecraft:stick":36,"quark:oak_chest":3,"minecraft:iron_ingot":38,"minecraft:iron_pickaxe":1,"minecraft:stone_pickaxe":4,"minecraft:wooden_axe":1,"minecraft:stone_sword":1,"minecraft:torch":60,"minecraft:shears":1,"minecraft:wheat":18,"minecraft:cooked_beef":13},"minecraft:picked_up":{"minecraft:stripped_oak_log":1,"minecraft:birch_log":7,"born_in_chaos_v1:corpse_maggot":1,"luminousworld:groundpebbles_1":1,"born_in_chaos_v1:diamond_termite_shard":1,"minecraft:crafting_table":2,"minecraft:wheat":97,"born_in_chaos_v1:monster_flesh":1,"minecraft:andesite":1,"minecraft:leather":4,"minecraft:oak_log":45,"minecraft:gunpowder":9,"minecraft:lapis_lazuli":12,"minecraft:string":2,"minecraft:dirt":17,"minecraft:raw_copper":9,"minecraft:iron_axe":1,"minecraft:iron_leggings":1,"minecraft:experience_bottle":1,"minecraft:bone":5,"minecraft:apple":1,"minecraft:stone_bricks":2,"minecraft:bow":2,"minecraft:wheat_seeds":230,"minecraft:bucket":1,"minecraft:beef":13,"born_in_chaos_v1:gnawed_bones":1,"tombstone:bag_of_seeds":1,"minecraft:coal_block":2,"minecraft:sugar_cane":3,"luminousworld:white_petunias":1,"minecraft:honeycomb":3,"minecraft:raw_iron":38,"minecraft:stick":1,"luminousworld:auburnlog":1,"minecraft:torch":1,"minecraft:sand":51,"minecraft:diorite":46,"minecraft:dark_oak_fence_gate":1,"luminousworld:whiteoaklog":5,"minecraft:bundle":1,"minecraft:arrow":7,"minecraft:rotten_flesh":29,"minecraft:slime_ball":4,"supplementaries:antique_ink":1,"minecraft:hay_block":2,"minecraft:iron_helmet":1,"minecraft:granite":29,"minecraft:emerald":1,"minecraft:bread":2,"supplementaries:ash":6,"minecraft:iron_bars":1,"minecraft:coal":100,"undead_revamp2:arapholia":1,"iceandfire:raw_silver":1,"minecraft:cobblestone":351},"minecraft:killed":{"undead_revamp2:thesmoker":1,"enemyexpansion:direwolf":1,"minecraft:creeper":3,"born_in_chaos_v1:maggot":2,"enemyexpansion:crawler":1,"minecraft:skeleton":6,"minecraft:zombie":7,"iceandfire:ghost":3,"enemyexpansion:vampire":2,"born_in_chaos_v1:corpse_fly":1,"born_in_chaos_v1:door_knight":1,"undead_revamp2:sucker":1,"minecraft:cow":6,"enemyexpansion:slugger":2}},"DataVersion":3465}