{"stats":{"minecraft:dropped":{"luminousworld:white_petunias":1},"minecraft:used":{"minecraft:wheat_seeds":6,"minecraft:leather_leggings":1,"minecraft:iron_bars":1,"minecraft:stone_sword":85,"minecraft:stone_shovel":69,"minecraft:stone_pickaxe":457,"minecraft:wooden_pickaxe":59,"minecraft:leather_chestplate":1,"minecraft:leather_boots":3,"minecraft:torch":17,"minecraft:sand":1,"minecraft:crafting_table":3,"minecraft:wooden_axe":49,"minecraft:bread":14,"minecraft:iron_helmet":1,"minecraft:iron_boots":1,"minecraft:stone_bricks":2,"minecraft:cobblestone":9,"quark:oak_chest":1},"minecraft:mined":{"iceandfire:silver_ore":1,"luminousworld:grassvariant_4":1,"minecraft:crafting_table":1,"minecraft:granite":29,"minecraft:coal_block":1,"minecraft:copper_ore":3,"minecraft:cobblestone":3,"minecraft:lapis_ore":1,"minecraft:sugar_cane":1,"minecraft:diorite":46,"minecraft:birch_log":7,"minecraft:iron_ore":8,"minecraft:wheat":5,"minecraft:birch_leaves":1,"minecraft:grass":1,"minecraft:coal_ore":80,"minecraft:oak_log":35,"minecraft:sand":52,"minecraft:dirt":17,"minecraft:stone":344,"minecraft:oak_leaves":4},"minecraft:broken":{"minecraft:stone_pickaxe":3,"minecraft:wooden_pickaxe":1},"minecraft:custom":{"minecraft:interact_with_furnace":7,"minecraft:mob_kills":11,"minecraft:interact_with_crafting_table":20,"minecraft:damage_dealt_resisted":903,"minecraft:eat_cake_slice":7,"minecraft:leave_game":1,"minecraft:time_since_death":93848,"minecraft:sleep_in_bed":7,"minecraft:climb_one_cm":566,"minecraft:time_since_rest":4444,"minecraft:sprint_one_cm":58545,"minecraft:damage_taken":748,"minecraft:walk_one_cm":700706,"minecraft:drop":1,"minecraft:damage_dealt":2552,"minecraft:swim_one_cm":2342,"minecraft:talked_to_villager":4,"minecraft:fly_one_cm":23013,"minecraft:open_chest":59,"minecraft:crouch_one_cm":2848,"minecraft:play_time":93848,"tombstone:undead_killed":5,"minecraft:sneak_time":972,"minecraft:walk_under_water_one_cm":1087,"minecraft:jump":465,"minecraft:walk_on_water_one_cm":2205,"minecraft:total_world_time":93848,"minecraft:fall_one_cm":7311},"minecraft:crafted":{"minecraft:oak_planks":52,"minecraft:coal":9,"minecraft:stone_shovel":1,"minecraft:crafting_table":2,"travelersbackpack:backpack_tank":3,"minecraft:wooden_pickaxe":1,"minecraft:stone_axe":1,"minecraft:bread":21,"minecraft:air":0,"minecraft:glass":50,"minecraft:shield":1,"minecraft:stick":36,"quark:oak_chest":1,"minecraft:iron_ingot":8,"minecraft:stone_pickaxe":4,"minecraft:wooden_axe":1,"minecraft:stone_sword":1,"minecraft:torch":60},"minecraft:picked_up":{"minecraft:birch_log":7,"luminousworld:groundpebbles_1":1,"minecraft:crafting_table":2,"minecraft:wheat":64,"minecraft:oak_log":45,"minecraft:gunpowder":7,"minecraft:lapis_lazuli":7,"minecraft:string":1,"minecraft:dirt":17,"minecraft:raw_copper":9,"minecraft:experience_bottle":1,"minecraft:bone":2,"minecraft:apple":1,"minecraft:stone_bricks":2,"minecraft:wheat_seeds":168,"minecraft:bucket":1,"minecraft:coal_block":2,"minecraft:sugar_cane":3,"luminousworld:white_petunias":1,"minecraft:honeycomb":3,"minecraft:raw_iron":8,"minecraft:stick":1,"luminousworld:auburnlog":1,"minecraft:sand":51,"minecraft:diorite":46,"minecraft:dark_oak_fence_gate":1,"luminousworld:whiteoaklog":5,"minecraft:arrow":1,"minecraft:rotten_flesh":13,"minecraft:iron_helmet":1,"minecraft:granite":29,"minecraft:emerald":1,"minecraft:bread":2,"minecraft:iron_bars":1,"minecraft:coal":80,"undead_revamp2:arapholia":1,"iceandfire:raw_silver":1,"minecraft:cobblestone":342},"minecraft:killed":{"undead_revamp2:thesmoker":1,"enemyexpansion:direwolf":1,"minecraft:creeper":2,"minecraft:skeleton":1,"enemyexpansion:vampire":2,"born_in_chaos_v1:door_knight":1}},"DataVersion":3465}