{"stats":{"minecraft:dropped":{"luminousworld:white_petunias":1,"minecraft:leather_leggings":1},"minecraft:used":{"minecraft:stone_sword":135,"minecraft:iron_bars":1,"minecraft:stone_shovel":70,"minecraft:shield":9,"minecraft:iron_sword":36,"minecraft:torch":46,"minecraft:beehive":1,"minecraft:wooden_axe":49,"minecraft:iron_axe":1,"minecraft:iron_helmet":1,"minecraft:iron_boots":1,"minecraft:stone_bricks":2,"minecraft:bow":1,"tombstone:gift":4,"minecraft:iron_leggings":1,"minecraft:wheat_seeds":8,"minecraft:leather_leggings":1,"minecraft:stone_pickaxe":524,"minecraft:leather_chestplate":1,"minecraft:wooden_pickaxe":59,"minecraft:leather_boots":3,"minecraft:sand":1,"minecraft:crafting_table":3,"minecraft:bread":32,"minecraft:stone_axe":34,"minecraft:cobblestone":14,"quark:oak_chest":2,"minecraft:warped_button":1},"minecraft:mined":{"iceandfire:silver_ore":1,"luminousworld:grassvariant_4":1,"minecraft:granite":29,"minecraft:grass_block":1,"luminousworld:grassvariant_2":2,"minecraft:coal_block":1,"minecraft:hay_block":2,"minecraft:iron_ore":37,"minecraft:andesite":1,"minecraft:deepslate_iron_ore":1,"minecraft:stripped_oak_log":2,"minecraft:stone":352,"minecraft:crafting_table":1,"minecraft:copper_ore":3,"minecraft:tall_grass":6,"minecraft:cobblestone":6,"minecraft:lapis_ore":1,"minecraft:sugar_cane":1,"minecraft:diorite":46,"minecraft:wall_torch":1,"supplementaries:urn":3,"minecraft:beehive":1,"minecraft:birch_log":7,"minecraft:wheat":7,"minecraft:birch_leaves":1,"minecraft:grass":4,"minecraft:oak_log":35,"minecraft:coal_ore":102,"minecraft:sand":52,"minecraft:dirt":17,"minecraft:cobweb":1,"minecraft:oak_leaves":4},"minecraft:broken":{"minecraft:stone_sword":1,"minecraft:wooden_pickaxe":1,"minecraft:stone_pickaxe":4},"minecraft:custom":{"minecraft:mob_kills":40,"minecraft:animals_bred":8,"minecraft:interact_with_crafting_table":37,"minecraft:open_barrel":1,"minecraft:damage_dealt_resisted":903,"minecraft:eat_cake_slice":7,"minecraft:leave_game":2,"minecraft:time_since_death":42801,"minecraft:climb_one_cm":566,"minecraft:sprint_one_cm":91203,"minecraft:walk_one_cm":1155846,"minecraft:damage_blocked_by_shield":180,"minecraft:drop":2,"minecraft:talked_to_villager":4,"minecraft:play_time":155424,"minecraft:deaths":1,"minecraft:sneak_time":1506,"minecraft:walk_under_water_one_cm":5648,"minecraft:jump":972,"minecraft:interact_with_blast_furnace":1,"minecraft:walk_on_water_one_cm":10889,"minecraft:total_world_time":155424,"minecraft:interact_with_furnace":17,"minecraft:interact_with_loom":1,"minecraft:sleep_in_bed":8,"minecraft:time_since_rest":128,"minecraft:damage_taken":1996,"minecraft:trigger_trapped_chest":3,"minecraft:damage_dealt":7508,"minecraft:swim_one_cm":2342,"minecraft:fly_one_cm":59658,"minecraft:open_chest":108,"minecraft:crouch_one_cm":5399,"tombstone:undead_killed":23,"minecraft:fall_one_cm":15371},"minecraft:crafted":{"minecraft:oak_planks":64,"minecraft:stone_shovel":1,"minecraft:coal":9,"minecraft:glass":50,"minecraft:bow":1,"minecraft:stone_pickaxe":4,"minecraft:wheat":18,"minecraft:cooked_beef":13,"minecraft:crafting_table":2,"travelersbackpack:backpack_tank":6,"minecraft:wooden_pickaxe":1,"travelersbackpack:standard":1,"minecraft:iron_sword":1,"travelersbackpack:blue_sleeping_bag":1,"minecraft:stone_axe":1,"minecraft:bread":21,"minecraft:air":0,"minecraft:blue_dye":2,"minecraft:shield":1,"minecraft:stick":36,"quark:oak_chest":3,"minecraft:iron_ingot":38,"minecraft:iron_pickaxe":1,"minecraft:blue_wool":2,"minecraft:wooden_axe":1,"minecraft:stone_sword":1,"minecraft:torch":60,"minecraft:shears":1},"minecraft:picked_up":{"luminousworld:groundpebbles_1":1,"minecraft:crafting_table":2,"born_in_chaos_v1:diamond_termite_shard":1,"minecraft:wheat":97,"minecraft:string":3,"minecraft:raw_copper":9,"minecraft:iron_axe":1,"minecraft:iron_leggings":1,"minecraft:experience_bottle":1,"minecraft:bucket":1,"minecraft:beef":13,"born_in_chaos_v1:gnawed_bones":1,"minecraft:light_gray_wool":1,"minecraft:sugar_cane":3,"minecraft:coal_block":2,"minecraft:beehive":1,"minecraft:stick":1,"minecraft:raw_iron":38,"luminousworld:auburnlog":1,"minecraft:torch":1,"minecraft:diorite":46,"minecraft:warped_button":1,"minecraft:arrow":7,"minecraft:rotten_flesh":29,"minecraft:hay_block":2,"supplementaries:antique_ink":1,"minecraft:gold_ingot":1,"supplementaries:ash":6,"minecraft:white_wool":2,"minecraft:iron_bars":1,"undead_revamp2:arapholia":1,"minecraft:cobblestone":351,"minecraft:stripped_oak_log":1,"minecraft:birch_log":7,"born_in_chaos_v1:corpse_maggot":1,"born_in_chaos_v1:monster_flesh":1,"minecraft:andesite":1,"minecraft:leather":8,"minecraft:oak_log":45,"minecraft:gunpowder":9,"minecraft:lapis_lazuli":12,"minecraft:dirt":18,"minecraft:bone":5,"travelersbackpack:backpack_tank":2,"minecraft:apple":1,"minecraft:stone_bricks":2,"minecraft:bow":2,"minecraft:wheat_seeds":230,"minecraft:iron_ingot":1,"tombstone:bag_of_seeds":1,"luminousworld:white_petunias":1,"minecraft:honeycomb":3,"minecraft:sand":51,"minecraft:dark_oak_fence_gate":1,"quark:oak_chest":1,"luminousworld:whiteoaklog":5,"minecraft:bundle":1,"minecraft:slime_ball":4,"minecraft:iron_helmet":1,"minecraft:granite":29,"minecraft:bread":2,"minecraft:emerald":1,"minecraft:coal":100,"iceandfire:raw_silver":1},"minecraft:killed":{"undead_revamp2:thesmoker":1,"enemyexpansion:direwolf":1,"born_in_chaos_v1:maggot":2,"minecraft:skeleton":6,"undead_revamp2:sucker":1,"minecraft:creeper":3,"enemyexpansion:crawler":1,"minecraft:zombie":7,"iceandfire:ghost":3,"enemyexpansion:vampire":2,"born_in_chaos_v1:corpse_fly":1,"born_in_chaos_v1:door_knight":1,"minecraft:cow":6,"enemyexpansion:slugger":2}},"DataVersion":3465}