{"stats":{"minecraft:dropped":{"luminousworld:white_petunias":1},"minecraft:used":{"minecraft:leather_leggings":1,"minecraft:stone_sword":16,"minecraft:stone_shovel":17,"minecraft:stone_pickaxe":393,"minecraft:wooden_pickaxe":59,"minecraft:leather_chestplate":1,"minecraft:leather_boots":3,"minecraft:torch":12,"minecraft:crafting_table":3,"minecraft:wooden_axe":49,"minecraft:bread":5,"minecraft:iron_helmet":1,"minecraft:iron_boots":1,"minecraft:cobblestone":4,"quark:oak_chest":1},"minecraft:mined":{"luminousworld:grassvariant_4":1,"minecraft:crafting_table":1,"minecraft:granite":29,"minecraft:copper_ore":3,"minecraft:sugar_cane":1,"minecraft:diorite":44,"minecraft:birch_log":7,"minecraft:iron_ore":8,"minecraft:birch_leaves":1,"minecraft:grass":1,"minecraft:coal_ore":52,"minecraft:oak_log":35,"minecraft:dirt":17,"minecraft:stone":316,"minecraft:oak_leaves":4},"minecraft:broken":{"minecraft:stone_pickaxe":3,"minecraft:wooden_pickaxe":1},"minecraft:custom":{"minecraft:interact_with_furnace":3,"minecraft:mob_kills":5,"minecraft:interact_with_crafting_table":11,"minecraft:eat_cake_slice":5,"minecraft:leave_game":1,"minecraft:time_since_death":63848,"minecraft:sleep_in_bed":5,"minecraft:climb_one_cm":566,"minecraft:time_since_rest":7657,"minecraft:sprint_one_cm":49140,"minecraft:damage_taken":275,"minecraft:walk_one_cm":426057,"minecraft:drop":1,"minecraft:damage_dealt":884,"minecraft:swim_one_cm":2342,"minecraft:talked_to_villager":2,"minecraft:fly_one_cm":19938,"minecraft:open_chest":35,"minecraft:crouch_one_cm":724,"minecraft:play_time":63848,"tombstone:undead_killed":2,"minecraft:sneak_time":206,"minecraft:walk_under_water_one_cm":1087,"minecraft:jump":309,"minecraft:walk_on_water_one_cm":1448,"minecraft:total_world_time":63848,"minecraft:fall_one_cm":3827},"minecraft:crafted":{"minecraft:oak_planks":44,"minecraft:stone_shovel":1,"minecraft:crafting_table":2,"minecraft:wooden_pickaxe":1,"minecraft:stone_axe":1,"minecraft:air":0,"minecraft:stick":20,"quark:oak_chest":1,"minecraft:iron_ingot":7,"minecraft:stone_pickaxe":3,"minecraft:wooden_axe":1,"minecraft:stone_sword":1,"minecraft:torch":24},"minecraft:picked_up":{"minecraft:birch_log":7,"luminousworld:groundpebbles_1":1,"minecraft:crafting_table":1,"minecraft:oak_log":35,"minecraft:gunpowder":4,"minecraft:dirt":17,"minecraft:raw_copper":9,"minecraft:experience_bottle":1,"minecraft:bone":2,"minecraft:apple":1,"minecraft:wheat_seeds":52,"minecraft:sugar_cane":3,"luminousworld:white_petunias":1,"minecraft:honeycomb":3,"minecraft:raw_iron":8,"minecraft:stick":1,"luminousworld:auburnlog":1,"minecraft:diorite":44,"luminousworld:whiteoaklog":5,"minecraft:arrow":1,"minecraft:rotten_flesh":10,"minecraft:iron_helmet":1,"minecraft:granite":29,"minecraft:emerald":1,"minecraft:bread":2,"minecraft:coal":52,"undead_revamp2:arapholia":1,"minecraft:cobblestone":311},"minecraft:killed":{"undead_revamp2:thesmoker":1,"minecraft:creeper":2,"minecraft:skeleton":1}},"DataVersion":3465}