{"stats":{"minecraft:killed_by":{"minecraft:skeleton":1},"minecraft:used":{"minecraft:stone_sword":37,"minecraft:bread":8,"minecraft:wooden_pickaxe":19,"minecraft:salmon":1,"minecraft:crafting_table":1,"minecraft:white_bed":1,"tombstone:gift":1},"minecraft:mined":{"luminousworld:whiteoaklog":5,"minecraft:white_bed":1,"luminousworld:grassvariant_4":3,"minecraft:kelp_plant":3,"minecraft:yellow_bed":1,"minecraft:crafting_table":1,"minecraft:coal_ore":2,"minecraft:lantern":1,"minecraft:gravel":2,"luminousworld:grassvariant_2":3,"minecraft:stone":13,"minecraft:sugar_cane":6,"minecraft:kelp":2,"minecraft:oak_leaves":1},"minecraft:custom":{"minecraft:time_since_rest":5005,"minecraft:interact_with_furnace":1,"minecraft:sprint_one_cm":65149,"minecraft:damage_taken":949,"minecraft:walk_one_cm":132555,"minecraft:mob_kills":6,"minecraft:damage_dealt":632,"minecraft:swim_one_cm":41223,"minecraft:interact_with_crafting_table":2,"minecraft:fly_one_cm":17029,"minecraft:open_chest":6,"minecraft:crouch_one_cm":769,"minecraft:play_time":28770,"tombstone:undead_killed":2,"minecraft:deaths":2,"minecraft:sneak_time":115,"minecraft:walk_under_water_one_cm":12547,"minecraft:jump":221,"minecraft:leave_game":1,"minecraft:time_since_death":5641,"minecraft:walk_on_water_one_cm":17016,"minecraft:sleep_in_bed":1,"minecraft:total_world_time":28770,"minecraft:fall_one_cm":3944},"minecraft:crafted":{"minecraft:crafting_table":1,"luminousworld:white_oak_plank":16,"minecraft:stick":8,"minecraft:wooden_pickaxe":1,"minecraft:stone_sword":1,"luminousworld:white_oak_wood":3},"minecraft:picked_up":{"minecraft:crafting_table":1,"minecraft:salmon":1,"minecraft:gravel":2,"minecraft:yellow_bed":1,"minecraft:white_bed":1,"luminousworld:whiteoaklog":5,"minecraft:arrow":2,"minecraft:rotten_flesh":4,"minecraft:stone_sword":3,"minecraft:bone":6,"minecraft:slime_ball":5,"minecraft:kelp":2,"minecraft:wheat_seeds":1,"minecraft:iron_helmet":1,"minecraft:bone_meal":1,"supplementaries:ash":2,"minecraft:bread":5,"born_in_chaos_v1:rotten_fish":1,"minecraft:sugar_cane":10,"minecraft:coal":2,"minecraft:cobblestone":13},"minecraft:killed":{"minecraft:skeleton":2,"minecraft:salmon":3,"born_in_chaos_v1:corpse_fish":1}},"DataVersion":3465}