{"stats":{"minecraft:dropped":{"minecraft:leather_leggings":1},"minecraft:killed_by":{"alexsmobs:crocodile":1,"undead_revamp2:therod":1,"minecraft:skeleton":2},"minecraft:used":{"minecraft:stone_sword":151,"minecraft:stone_pickaxe":421,"minecraft:baked_potato":16,"minecraft:wooden_pickaxe":22,"minecraft:salmon":1,"minecraft:torch":35,"minecraft:crafting_table":5,"minecraft:white_bed":1,"minecraft:smoker":1,"minecraft:bread":8,"minecraft:iron_pickaxe":1,"minecraft:cobblestone":51,"minecraft:cooked_cod":2,"minecraft:smithing_table":1,"ecologics:walnut":1,"tombstone:gift":1,"minecraft:yellow_bed":2},"minecraft:mined":{"minecraft:smithing_table":1,"minecraft:white_bed":1,"iceandfire:silver_ore":1,"luminousworld:grassvariant_4":3,"minecraft:kelp_plant":3,"luminousworld:autumnleaves":2,"minecraft:smoker":1,"minecraft:crafting_table":2,"minecraft:torch":9,"minecraft:granite":8,"minecraft:grass_block":4,"ecologics:walnut_leaves":27,"luminousworld:auburnlog":7,"luminousworld:grassvariant_2":4,"minecraft:copper_ore":1,"minecraft:tall_grass":7,"minecraft:cobblestone":4,"minecraft:sugar_cane":6,"minecraft:kelp":2,"minecraft:diorite":15,"placeablesmod:bread_full_block":1,"minecraft:wall_torch":3,"supplementaries:urn":2,"luminousworld:whiteoaklog":5,"minecraft:seagrass":1,"minecraft:iron_ore":15,"minecraft:yellow_bed":2,"minecraft:grass":2,"minecraft:oak_log":6,"minecraft:coal_ore":69,"luminousworld:ishstone":9,"minecraft:lantern":1,"minecraft:gravel":2,"minecraft:dirt":10,"minecraft:cobweb":4,"minecraft:stripped_oak_log":10,"luminousworld:grassvariant_3":2,"ecologics:walnut_log":4,"minecraft:stone":264,"minecraft:oak_leaves":1,"minecraft:deepslate":1},"minecraft:broken":{"minecraft:stone_pickaxe":3,"minecraft:stone_sword":1},"minecraft:custom":{"minecraft:interact_with_smithing_table":2,"minecraft:interact_with_furnace":7,"minecraft:mob_kills":17,"minecraft:interact_with_crafting_table":14,"minecraft:open_barrel":6,"minecraft:interact_with_loom":7,"minecraft:leave_game":4,"minecraft:time_since_death":7158,"minecraft:sleep_in_bed":8,"minecraft:time_since_rest":1042,"minecraft:sprint_one_cm":287305,"minecraft:damage_taken":2866,"minecraft:walk_one_cm":536382,"minecraft:drop":1,"minecraft:damage_dealt":2091,"minecraft:swim_one_cm":52987,"minecraft:fly_one_cm":82989,"minecraft:open_chest":28,"minecraft:play_time":132431,"minecraft:crouch_one_cm":1408,"tombstone:undead_killed":3,"minecraft:deaths":6,"minecraft:sneak_time":589,"minecraft:walk_under_water_one_cm":31737,"minecraft:jump":1023,"minecraft:interact_with_blast_furnace":5,"minecraft:walk_on_water_one_cm":41688,"minecraft:total_world_time":132431,"minecraft:interact_with_smoker":1,"minecraft:fall_one_cm":13492},"minecraft:crafted":{"minecraft:cooked_cod":4,"luminousworld:autumnplank":28,"minecraft:oak_planks":28,"minecraft:crafting_table":3,"minecraft:wooden_pickaxe":1,"minecraft:baked_potato":16,"minecraft:iron_sword":1,"luminousworld:white_oak_wood":3,"minecraft:cooked_salmon":5,"minecraft:stripped_oak_wood":3,"minecraft:oak_wood":3,"minecraft:air":0,"aether:iron_gloves":1,"minecraft:iron_boots":1,"minecraft:shield":1,"luminousworld:white_oak_plank":16,"minecraft:stick":128,"minecraft:iron_ingot":15,"minecraft:iron_pickaxe":1,"minecraft:stone_pickaxe":8,"minecraft:stone_sword":4,"minecraft:torch":148},"minecraft:picked_up":{"minecraft:stripped_oak_log":11,"minecraft:wheat":1,"born_in_chaos_v1:corpse_maggot":1,"minecraft:crafting_table":2,"born_in_chaos_v1:diamond_termite_shard":4,"ecologics:walnut":5,"minecraft:glow_ink_sac":3,"minecraft:salmon":1,"minecraft:leather_leggings":1,"luminousworld:ishstone":9,"minecraft:smithing_table":1,"minecraft:smoker":1,"minecraft:oak_log":6,"minecraft:yellow_bed":2,"minecraft:dirt":14,"minecraft:string":3,"minecraft:raw_copper":3,"minecraft:bone":11,"ecologics:walnut_sapling":1,"minecraft:kelp":2,"minecraft:wheat_seeds":11,"minecraft:cobbled_deepslate":1,"minecraft:sugar_cane":10,"minecraft:raw_iron":15,"minecraft:stick":2,"luminousworld:auburnlog":7,"ecologics:walnut_log":4,"minecraft:torch":12,"minecraft:gravel":2,"tombstone:grave_dust":2,"minecraft:diorite":15,"minecraft:white_bed":1,"luminousworld:whiteoaklog":5,"minecraft:stone_sword":3,"minecraft:arrow":3,"minecraft:rotten_flesh":5,"minecraft:slime_ball":5,"minecraft:chainmail_leggings":1,"minecraft:iron_helmet":1,"supplementaries:antique_ink":1,"minecraft:granite":8,"minecraft:bone_meal":1,"minecraft:bread":6,"supplementaries:ash":7,"born_in_chaos_v1:rotten_fish":1,"minecraft:coal":69,"iceandfire:raw_silver":1,"minecraft:cobblestone":274},"minecraft:killed":{"born_in_chaos_v1:diamond_termite":3,"minecraft:salmon":3,"born_in_chaos_v1:maggot":2,"minecraft:skeleton":2,"minecraft:zombie":1,"born_in_chaos_v1:dread_hound":1,"born_in_chaos_v1:corpse_fish":1}},"DataVersion":3465}