{"stats":{"minecraft:dropped":{"minecraft:leather_leggings":1},"minecraft:killed_by":{"undead_revamp2:therod":1,"minecraft:skeleton":1},"minecraft:used":{"minecraft:stone_sword":144,"minecraft:stone_pickaxe":209,"minecraft:baked_potato":13,"minecraft:wooden_pickaxe":22,"minecraft:salmon":1,"minecraft:torch":30,"minecraft:crafting_table":5,"minecraft:white_bed":1,"minecraft:smoker":1,"minecraft:bread":8,"minecraft:cobblestone":48,"minecraft:smithing_table":1,"ecologics:walnut":1,"tombstone:gift":1,"minecraft:yellow_bed":2},"minecraft:mined":{"minecraft:smithing_table":1,"minecraft:white_bed":1,"luminousworld:grassvariant_4":3,"minecraft:kelp_plant":3,"minecraft:smoker":1,"minecraft:crafting_table":2,"minecraft:torch":7,"minecraft:grass_block":3,"ecologics:walnut_leaves":27,"luminousworld:grassvariant_2":4,"minecraft:tall_grass":7,"minecraft:cobblestone":3,"minecraft:sugar_cane":6,"minecraft:kelp":2,"minecraft:diorite":5,"placeablesmod:bread_full_block":1,"minecraft:wall_torch":1,"supplementaries:urn":2,"luminousworld:whiteoaklog":5,"minecraft:iron_ore":15,"minecraft:yellow_bed":2,"minecraft:grass":2,"luminousworld:ishstone":1,"minecraft:oak_log":6,"minecraft:coal_ore":22,"minecraft:lantern":1,"minecraft:stripped_oak_log":10,"minecraft:gravel":2,"minecraft:cobweb":4,"minecraft:dirt":3,"luminousworld:grassvariant_3":2,"ecologics:walnut_log":4,"minecraft:stone":147,"minecraft:oak_leaves":1,"minecraft:deepslate":1},"minecraft:broken":{"minecraft:stone_pickaxe":1},"minecraft:custom":{"minecraft:interact_with_smithing_table":2,"minecraft:interact_with_furnace":6,"minecraft:mob_kills":17,"minecraft:interact_with_crafting_table":10,"minecraft:open_barrel":6,"minecraft:interact_with_loom":7,"minecraft:leave_game":1,"minecraft:time_since_death":32522,"minecraft:sleep_in_bed":6,"minecraft:time_since_rest":19622,"minecraft:sprint_one_cm":224695,"minecraft:damage_taken":2173,"minecraft:walk_one_cm":473306,"minecraft:drop":1,"minecraft:damage_dealt":2033,"minecraft:swim_one_cm":47031,"minecraft:fly_one_cm":62222,"minecraft:open_chest":24,"minecraft:crouch_one_cm":1408,"tombstone:undead_killed":3,"minecraft:play_time":106770,"minecraft:deaths":4,"minecraft:sneak_time":589,"minecraft:walk_under_water_one_cm":16594,"minecraft:jump":779,"minecraft:interact_with_blast_furnace":5,"minecraft:walk_on_water_one_cm":32397,"minecraft:interact_with_smoker":1,"minecraft:total_world_time":106770,"minecraft:fall_one_cm":8970},"minecraft:crafted":{"minecraft:cooked_cod":4,"minecraft:oak_planks":28,"minecraft:crafting_table":3,"minecraft:wooden_pickaxe":1,"minecraft:baked_potato":16,"minecraft:iron_sword":1,"luminousworld:white_oak_wood":3,"minecraft:cooked_salmon":5,"minecraft:stripped_oak_wood":3,"minecraft:oak_wood":3,"minecraft:air":0,"aether:iron_gloves":1,"minecraft:shield":1,"luminousworld:white_oak_plank":16,"minecraft:stick":72,"minecraft:iron_ingot":8,"minecraft:iron_pickaxe":1,"minecraft:stone_pickaxe":8,"minecraft:stone_sword":4,"minecraft:torch":80},"minecraft:picked_up":{"minecraft:stripped_oak_log":11,"born_in_chaos_v1:corpse_maggot":1,"born_in_chaos_v1:diamond_termite_shard":4,"minecraft:crafting_table":2,"ecologics:walnut":5,"minecraft:glow_ink_sac":3,"luminousworld:ishstone":1,"minecraft:salmon":1,"minecraft:leather_leggings":1,"minecraft:smithing_table":1,"minecraft:smoker":1,"minecraft:oak_log":6,"minecraft:yellow_bed":2,"minecraft:string":3,"minecraft:dirt":6,"minecraft:bone":11,"ecologics:walnut_sapling":1,"minecraft:kelp":2,"minecraft:wheat_seeds":2,"minecraft:cobbled_deepslate":1,"minecraft:sugar_cane":10,"minecraft:raw_iron":15,"minecraft:stick":2,"ecologics:walnut_log":4,"minecraft:torch":8,"minecraft:gravel":2,"minecraft:diorite":5,"tombstone:grave_dust":2,"minecraft:white_bed":1,"luminousworld:whiteoaklog":5,"minecraft:stone_sword":3,"minecraft:arrow":3,"minecraft:rotten_flesh":5,"minecraft:slime_ball":5,"supplementaries:antique_ink":1,"minecraft:chainmail_leggings":1,"minecraft:iron_helmet":1,"minecraft:bone_meal":1,"minecraft:bread":6,"supplementaries:ash":7,"born_in_chaos_v1:rotten_fish":1,"minecraft:coal":22,"minecraft:cobblestone":158},"minecraft:killed":{"born_in_chaos_v1:diamond_termite":3,"minecraft:salmon":3,"born_in_chaos_v1:maggot":2,"minecraft:skeleton":2,"minecraft:zombie":1,"born_in_chaos_v1:dread_hound":1,"born_in_chaos_v1:corpse_fish":1}},"DataVersion":3465}