{"stats":{"minecraft:killed_by":{"minecraft:skeleton":1},"minecraft:used":{"minecraft:stone_sword":37,"minecraft:stone_pickaxe":18,"minecraft:wooden_pickaxe":22,"minecraft:salmon":1,"minecraft:crafting_table":2,"minecraft:white_bed":1,"minecraft:smoker":1,"minecraft:bread":8,"minecraft:smithing_table":1,"ecologics:walnut":1,"tombstone:gift":1,"minecraft:yellow_bed":2},"minecraft:mined":{"minecraft:smithing_table":1,"minecraft:white_bed":1,"luminousworld:grassvariant_4":3,"minecraft:kelp_plant":3,"minecraft:smoker":1,"minecraft:crafting_table":2,"minecraft:grass_block":1,"ecologics:walnut_leaves":27,"luminousworld:grassvariant_2":3,"minecraft:sugar_cane":6,"minecraft:kelp":2,"luminousworld:whiteoaklog":5,"minecraft:yellow_bed":2,"minecraft:grass":1,"minecraft:coal_ore":2,"minecraft:lantern":1,"minecraft:gravel":2,"minecraft:dirt":3,"luminousworld:grassvariant_3":1,"ecologics:walnut_log":4,"minecraft:stone":26,"minecraft:oak_leaves":1},"minecraft:custom":{"minecraft:interact_with_smithing_table":2,"minecraft:interact_with_furnace":6,"minecraft:mob_kills":6,"minecraft:interact_with_crafting_table":5,"minecraft:leave_game":1,"minecraft:time_since_death":29641,"minecraft:sleep_in_bed":3,"minecraft:time_since_rest":5556,"minecraft:sprint_one_cm":108842,"minecraft:damage_taken":979,"minecraft:walk_one_cm":218295,"minecraft:damage_dealt":632,"minecraft:swim_one_cm":41223,"minecraft:fly_one_cm":23390,"minecraft:open_chest":21,"minecraft:crouch_one_cm":904,"tombstone:undead_killed":2,"minecraft:play_time":52770,"minecraft:deaths":2,"minecraft:sneak_time":121,"minecraft:walk_under_water_one_cm":12547,"minecraft:jump":300,"minecraft:walk_on_water_one_cm":17119,"minecraft:total_world_time":52770,"minecraft:fall_one_cm":4513},"minecraft:crafted":{"minecraft:cooked_cod":4,"minecraft:crafting_table":1,"minecraft:wooden_pickaxe":1,"minecraft:baked_potato":16,"luminousworld:white_oak_wood":3,"minecraft:cooked_salmon":5,"minecraft:air":0,"luminousworld:white_oak_plank":16,"minecraft:stick":40,"minecraft:stone_pickaxe":2,"minecraft:stone_sword":3},"minecraft:picked_up":{"minecraft:crafting_table":2,"ecologics:walnut":5,"minecraft:salmon":1,"minecraft:smithing_table":1,"minecraft:smoker":1,"minecraft:yellow_bed":2,"minecraft:dirt":4,"minecraft:bone":6,"ecologics:walnut_sapling":1,"minecraft:kelp":2,"minecraft:wheat_seeds":1,"minecraft:sugar_cane":10,"minecraft:stick":2,"ecologics:walnut_log":4,"minecraft:gravel":2,"minecraft:white_bed":1,"luminousworld:whiteoaklog":5,"minecraft:stone_sword":3,"minecraft:arrow":2,"minecraft:rotten_flesh":4,"minecraft:slime_ball":5,"minecraft:iron_helmet":1,"minecraft:bone_meal":1,"minecraft:bread":5,"supplementaries:ash":2,"born_in_chaos_v1:rotten_fish":1,"minecraft:coal":2,"minecraft:cobblestone":23},"minecraft:killed":{"minecraft:salmon":3,"minecraft:skeleton":2,"born_in_chaos_v1:corpse_fish":1}},"DataVersion":3465}