{"stats":{"minecraft:dropped":{"minecraft:leather_leggings":1},"minecraft:killed_by":{"undead_revamp2:therod":1,"minecraft:skeleton":1},"minecraft:used":{"minecraft:stone_sword":99,"minecraft:stone_pickaxe":140,"minecraft:baked_potato":8,"minecraft:wooden_pickaxe":22,"minecraft:salmon":1,"minecraft:torch":23,"minecraft:crafting_table":4,"minecraft:white_bed":1,"minecraft:smoker":1,"minecraft:bread":8,"minecraft:cobblestone":29,"minecraft:smithing_table":1,"ecologics:walnut":1,"tombstone:gift":1,"minecraft:yellow_bed":2},"minecraft:mined":{"minecraft:smithing_table":1,"minecraft:white_bed":1,"luminousworld:grassvariant_4":3,"minecraft:kelp_plant":3,"minecraft:smoker":1,"minecraft:crafting_table":2,"minecraft:torch":4,"minecraft:grass_block":3,"ecologics:walnut_leaves":27,"luminousworld:grassvariant_2":4,"minecraft:tall_grass":7,"minecraft:sugar_cane":6,"minecraft:kelp":2,"minecraft:wall_torch":1,"luminousworld:whiteoaklog":5,"minecraft:iron_ore":6,"minecraft:yellow_bed":2,"minecraft:grass":2,"minecraft:oak_log":6,"minecraft:coal_ore":22,"minecraft:lantern":1,"minecraft:gravel":2,"minecraft:dirt":3,"luminousworld:grassvariant_3":2,"ecologics:walnut_log":4,"minecraft:stone":109,"minecraft:oak_leaves":1},"minecraft:broken":{"minecraft:stone_pickaxe":1},"minecraft:custom":{"minecraft:interact_with_smithing_table":2,"minecraft:interact_with_furnace":6,"minecraft:mob_kills":9,"minecraft:interact_with_crafting_table":7,"minecraft:leave_game":1,"minecraft:time_since_death":8522,"minecraft:sleep_in_bed":5,"minecraft:time_since_rest":7700,"minecraft:sprint_one_cm":224349,"minecraft:damage_taken":1908,"minecraft:walk_one_cm":430757,"minecraft:drop":1,"minecraft:damage_dealt":1555,"minecraft:swim_one_cm":45751,"minecraft:fly_one_cm":61221,"minecraft:open_chest":24,"minecraft:crouch_one_cm":952,"tombstone:undead_killed":3,"minecraft:play_time":82770,"minecraft:deaths":4,"minecraft:sneak_time":130,"minecraft:walk_under_water_one_cm":13007,"minecraft:jump":686,"minecraft:walk_on_water_one_cm":20751,"minecraft:interact_with_smoker":1,"minecraft:total_world_time":82770,"minecraft:fall_one_cm":8272},"minecraft:crafted":{"minecraft:cooked_cod":4,"minecraft:oak_planks":16,"minecraft:crafting_table":2,"minecraft:wooden_pickaxe":1,"minecraft:baked_potato":16,"luminousworld:white_oak_wood":3,"minecraft:cooked_salmon":5,"minecraft:oak_wood":3,"minecraft:air":0,"luminousworld:white_oak_plank":16,"minecraft:stick":72,"minecraft:stone_pickaxe":8,"minecraft:stone_sword":4,"minecraft:torch":80},"minecraft:picked_up":{"minecraft:crafting_table":2,"ecologics:walnut":5,"minecraft:salmon":1,"minecraft:leather_leggings":1,"minecraft:smithing_table":1,"minecraft:smoker":1,"minecraft:oak_log":6,"minecraft:yellow_bed":2,"minecraft:dirt":6,"minecraft:bone":8,"ecologics:walnut_sapling":1,"minecraft:kelp":2,"minecraft:wheat_seeds":2,"minecraft:sugar_cane":10,"minecraft:raw_iron":6,"minecraft:stick":2,"ecologics:walnut_log":4,"minecraft:torch":5,"minecraft:gravel":2,"tombstone:grave_dust":2,"minecraft:white_bed":1,"luminousworld:whiteoaklog":5,"minecraft:stone_sword":3,"minecraft:arrow":3,"minecraft:rotten_flesh":5,"minecraft:slime_ball":5,"minecraft:chainmail_leggings":1,"minecraft:iron_helmet":1,"minecraft:bone_meal":1,"minecraft:bread":5,"supplementaries:ash":2,"born_in_chaos_v1:rotten_fish":1,"minecraft:coal":22,"minecraft:cobblestone":123},"minecraft:killed":{"minecraft:salmon":3,"minecraft:skeleton":2,"minecraft:zombie":1,"born_in_chaos_v1:dread_hound":1,"born_in_chaos_v1:corpse_fish":1}},"DataVersion":3465}