{"stats":{"minecraft:used":{"minecraft:stone_sword":17,"minecraft:crafting_table":1,"minecraft:wooden_pickaxe":10},"minecraft:mined":{"luminousworld:whiteoaklog":5,"luminousworld:grassvariant_4":1,"minecraft:kelp_plant":3,"minecraft:stone":9,"minecraft:kelp":2,"minecraft:sugar_cane":6,"minecraft:crafting_table":1},"minecraft:custom":{"minecraft:time_since_rest":10770,"minecraft:crouch_one_cm":579,"minecraft:sprint_one_cm":28361,"minecraft:play_time":10770,"minecraft:damage_taken":20,"minecraft:walk_one_cm":24222,"minecraft:sneak_time":78,"minecraft:walk_under_water_one_cm":6940,"minecraft:mob_kills":3,"minecraft:jump":62,"minecraft:damage_dealt":116,"minecraft:leave_game":1,"minecraft:walk_on_water_one_cm":9500,"minecraft:time_since_death":10770,"minecraft:total_world_time":10770,"minecraft:swim_one_cm":17107,"minecraft:interact_with_crafting_table":2,"minecraft:fall_one_cm":822,"minecraft:fly_one_cm":5517},"minecraft:crafted":{"minecraft:stone_sword":1,"luminousworld:white_oak_wood":3,"minecraft:crafting_table":1,"luminousworld:white_oak_plank":16,"minecraft:stick":8,"minecraft:wooden_pickaxe":1},"minecraft:picked_up":{"luminousworld:whiteoaklog":5,"minecraft:crafting_table":1,"minecraft:salmon":1,"minecraft:kelp":2,"minecraft:bone_meal":1,"minecraft:sugar_cane":10,"minecraft:cobblestone":9},"minecraft:killed":{"minecraft:salmon":3}},"DataVersion":3465}